{"stats":{"minecraft:broken":{"minecraft:stone_hoe":2,"minecraft:stone_pickaxe":5,"minecraft:iron_axe":1,"minecraft:stone_axe":11,"minecraft:stone_shovel":6},"minecraft:custom":{"minecraft:interact_with_anvil":2,"minecraft:mob_kills":31,"minecraft:animals_bred":3,"minecraft:interact_with_crafting_table":72,"minecraft:bell_ring":1,"minecraft:leave_game":2,"minecraft:time_since_death":65886,"minecraft:sprint_one_cm":1364600,"minecraft:walk_one_cm":1823035,"minecraft:damage_blocked_by_shield":1470,"minecraft:drop":43,"minecraft:talked_to_villager":211,"minecraft:play_time":493750,"minecraft:deaths":3,"minecraft:sneak_time":9448,"minecraft:walk_under_water_one_cm":17180,"minecraft:boat_one_cm":121680,"minecraft:jump":3787,"minecraft:walk_on_water_one_cm":9617,"minecraft:total_world_time":493750,"minecraft:interact_with_furnace":181,"minecraft:traded_with_villager":385,"minecraft:raid_trigger":1,"minecraft:interact_with_stonecutter":1,"minecraft:sleep_in_bed":31,"minecraft:time_since_rest":18529,"minecraft:damage_taken":2316,"minecraft:damage_dealt":3910,"minecraft:swim_one_cm":48909,"minecraft:fly_one_cm":724611,"minecraft:open_chest":199,"minecraft:crouch_one_cm":28421,"minecraft:fall_one_cm":61261},"minecraft:mined":{"minecraft:spruce_planks":9,"minecraft:white_bed":8,"minecraft:oak_sapling":7,"minecraft:oak_door":2,"minecraft:granite":1,"minecraft:stone_button":1,"minecraft:grass_block":742,"minecraft:spruce_leaves":139,"minecraft:composter":2,"minecraft:oxeye_daisy":1,"minecraft:smooth_stone":14,"minecraft:magma_block":7,"minecraft:oak_trapdoor":8,"minecraft:spruce_sapling":3,"minecraft:carrots":202,"minecraft:iron_ore":7,"minecraft:pumpkin":60,"minecraft:fletching_table":2,"minecraft:deepslate_iron_ore":5,"minecraft:bookshelf":4,"minecraft:potatoes":197,"minecraft:cobblestone_slab":46,"minecraft:dirt_path":2,"minecraft:stone":276,"minecraft:smithing_table":4,"minecraft:dandelion":1,"minecraft:powder_snow":13,"minecraft:oak_fence":2,"minecraft:clay":4,"minecraft:torch":33,"minecraft:lectern":34,"minecraft:glass":1,"minecraft:tall_grass":11,"minecraft:cobblestone":120,"minecraft:sugar_cane":53,"minecraft:wall_torch":11,"minecraft:birch_sapling":5,"minecraft:white_terracotta":104,"minecraft:birch_log":175,"minecraft:wheat":534,"minecraft:spruce_log":633,"minecraft:birch_leaves":229,"minecraft:yellow_bed":13,"minecraft:grass":26,"minecraft:coal_ore":94,"minecraft:oak_log":547,"minecraft:beetroots":16,"minecraft:dirt":262,"minecraft:cracked_stone_bricks":1,"minecraft:terracotta":2,"minecraft:spruce_fence_gate":23,"minecraft:stonecutter":1,"minecraft:oak_leaves":622,"minecraft:fern":1},"minecraft:picked_up":{"minecraft:wheat":453,"minecraft:azure_bluet":4,"minecraft:clay_ball":32,"minecraft:smithing_table":4,"minecraft:lead":4,"minecraft:shield":3,"minecraft:cooked_salmon":2,"minecraft:oak_trapdoor":8,"minecraft:raw_copper":49,"minecraft:iron_axe":4,"minecraft:iron_leggings":2,"minecraft:iron_shovel":6,"minecraft:beetroot":12,"minecraft:cracked_stone_bricks":2,"minecraft:gold_nugget":18,"minecraft:cobbled_deepslate":3,"minecraft:smooth_stone":21,"minecraft:bucket":2,"minecraft:spruce_planks":86,"minecraft:beef":1,"minecraft:oak_boat":22,"minecraft:cobblestone_slab":151,"minecraft:poppy":8,"minecraft:lectern":34,"minecraft:sugar_cane":67,"minecraft:birch_sapling":28,"minecraft:egg":2,"minecraft:stick":323,"minecraft:raw_iron":32,"minecraft:oak_door":4,"minecraft:composter":2,"minecraft:oak_fence":2,"minecraft:torch":245,"minecraft:stone_button":1,"minecraft:diorite":91,"minecraft:carrot":638,"minecraft:redstone":34,"minecraft:arrow":69,"minecraft:stone_shovel":2,"minecraft:rotten_flesh":5,"minecraft:beetroot_seeds":31,"minecraft:peony":1,"minecraft:saddle":2,"minecraft:white_terracotta":93,"minecraft:obsidian":2,"minecraft:cobblestone":650,"minecraft:oxeye_daisy":3,"minecraft:birch_log":175,"minecraft:golden_carrot":10,"minecraft:andesite":61,"minecraft:salmon":13,"minecraft:leather":7,"minecraft:potato":622,"minecraft:flint":8,"minecraft:cobblestone_stairs":28,"minecraft:lapis_lazuli":28,"minecraft:oak_log":552,"minecraft:yellow_bed":13,"minecraft:gunpowder":7,"minecraft:dirt":1807,"minecraft:white_banner":6,"minecraft:cooked_mutton":5,"minecraft:bone":2,"minecraft:apple":12,"minecraft:bow":2,"minecraft:stonecutter":1,"minecraft:wheat_seeds":1351,"minecraft:iron_ingot":11,"minecraft:bell":3,"minecraft:stone_pickaxe":21,"minecraft:fletching_table":2,"minecraft:stone_hoe":2,"minecraft:oak_planks":62,"minecraft:book":12,"minecraft:pumpkin":60,"minecraft:dandelion":12,"minecraft:poisonous_potato":4,"minecraft:gravel":18,"minecraft:spruce_sapling":79,"minecraft:white_bed":8,"minecraft:spruce_log":781,"minecraft:spruce_fence_gate":20,"minecraft:stone_axe":1,"minecraft:granite":8,"minecraft:iron_helmet":2,"minecraft:diamond_axe":2,"minecraft:bread":1,"minecraft:bone_meal":3,"minecraft:golden_horse_armor":1,"minecraft:emerald":59,"minecraft:terracotta":2,"minecraft:baked_potato":64,"minecraft:oak_sapling":118,"minecraft:coal":98},"minecraft:killed_by":{"minecraft:vindicator":1},"minecraft:used":{"minecraft:oak_trapdoor":30,"minecraft:beetroot":1,"minecraft:oak_fence":16,"minecraft:iron_shovel":95,"minecraft:stone_shovel":809,"minecraft:spruce_planks":260,"minecraft:chest":17,"minecraft:shield":24,"minecraft:white_terracotta":1,"minecraft:bell":3,"minecraft:cooked_salmon":9,"minecraft:stone_hoe":532,"minecraft:oak_door":7,"minecraft:torch":154,"minecraft:dirt":996,"minecraft:anvil":1,"minecraft:carrot":270,"minecraft:granite":2,"minecraft:oak_fence_gate":2,"minecraft:bookshelf":9,"minecraft:iron_axe":1264,"minecraft:birch_sapling":28,"minecraft:golden_carrot":3,"minecraft:bow":17,"minecraft:oak_sapling":104,"minecraft:furnace":2,"minecraft:beetroot_seeds":32,"minecraft:potato":267,"minecraft:cobbled_deepslate":3,"minecraft:wheat_seeds":642,"minecraft:cooked_mutton":5,"minecraft:water_bucket":21,"minecraft:diorite":7,"minecraft:cobblestone_stairs":13,"minecraft:stone_pickaxe":736,"minecraft:baked_potato":27,"minecraft:diamond_axe":53,"minecraft:sugar_cane":18,"minecraft:composter":2,"minecraft:spruce_fence_gate":45,"minecraft:cobblestone_slab":93,"minecraft:fletching_table":4,"minecraft:stonecutter":1,"minecraft:crafting_table":1,"minecraft:white_bed":8,"minecraft:spruce_log":7,"minecraft:pumpkin_seeds":18,"minecraft:bread":18,"minecraft:stone_button":2,"minecraft:lectern":34,"minecraft:spruce_sapling":71,"minecraft:stone_axe":1482,"minecraft:cobblestone":413,"minecraft:smithing_table":5,"minecraft:bucket":21,"minecraft:yellow_bed":13,"minecraft:oak_boat":21,"minecraft:bone_meal":6},"minecraft:killed":{"minecraft:vindicator":1,"minecraft:spider":1,"minecraft:salmon":14,"minecraft:ravager":1,"minecraft:creeper":4,"minecraft:trader_llama":2,"minecraft:pillager":8},"minecraft:crafted":{"minecraft:oak_door":6,"minecraft:oak_planks":2724,"minecraft:smooth_stone":420,"minecraft:stone_shovel":7,"minecraft:cobblestone_slab":130,"minecraft:furnace":2,"minecraft:stone_button":1,"minecraft:stone":620,"minecraft:cobblestone_stairs":40,"minecraft:bone_meal":3,"minecraft:bookshelf":9,"minecraft:oak_trapdoor":26,"minecraft:glass":43,"minecraft:bow":2,"minecraft:iron_axe":2,"minecraft:stone_pickaxe":48,"minecraft:chest":17,"minecraft:stone_hoe":3,"minecraft:oak_fence":45,"minecraft:pumpkin":1,"minecraft:arrow":176,"minecraft:emerald":280,"minecraft:diamond_axe":2,"minecraft:crafting_table":1,"minecraft:spruce_planks":1724,"minecraft:baked_potato":69,"minecraft:smithing_table":1,"minecraft:cooked_salmon":7,"minecraft:fletching_table":2,"minecraft:birch_planks":372,"minecraft:bucket":2,"minecraft:pumpkin_seeds":60,"minecraft:stone_axe":33,"minecraft:enchanted_book":2,"minecraft:bread":18,"minecraft:air":0,"minecraft:oak_fence_gate":2,"minecraft:oak_boat":5,"minecraft:book":3,"minecraft:paper":45,"minecraft:charcoal":42,"minecraft:shield":2,"minecraft:stick":8706,"minecraft:iron_ingot":42,"minecraft:iron_pickaxe":1,"minecraft:iron_block":3,"minecraft:iron_shovel":6,"minecraft:anvil":1,"minecraft:spruce_fence_gate":42,"minecraft:torch":264},"minecraft:dropped":{"minecraft:enchanted_book":1,"minecraft:wheat_seeds":2,"minecraft:diamond_axe":1,"minecraft:baked_potato":30,"minecraft:poisonous_potato":1,"minecraft:cobblestone":5,"minecraft:cracked_stone_bricks":1,"minecraft:dirt":58,"minecraft:torch":1,"minecraft:iron_shovel":4,"minecraft:birch_log":82,"minecraft:oak_door":1,"minecraft:stone_axe":1,"minecraft:wheat":64,"minecraft:rotten_flesh":5,"minecraft:poppy":1,"minecraft:potato":1,"minecraft:shield":1,"minecraft:gunpowder":2,"minecraft:spruce_planks":128,"minecraft:oak_boat":3,"minecraft:arrow":96,"minecraft:bow":1,"minecraft:stone_pickaxe":9}},"DataVersion":3465}