{"stats":{"minecraft:broken":{"minecraft:stone_hoe":2,"minecraft:stone_pickaxe":4,"minecraft:iron_axe":1,"minecraft:stone_axe":11,"minecraft:stone_shovel":6},"minecraft:custom":{"minecraft:mob_kills":24,"minecraft:animals_bred":1,"minecraft:interact_with_crafting_table":56,"minecraft:bell_ring":1,"minecraft:leave_game":2,"minecraft:time_since_death":1268,"minecraft:sprint_one_cm":969349,"minecraft:walk_one_cm":1455972,"minecraft:damage_blocked_by_shield":495,"minecraft:drop":22,"minecraft:talked_to_villager":126,"minecraft:play_time":361750,"minecraft:deaths":2,"minecraft:sneak_time":7223,"minecraft:walk_under_water_one_cm":17180,"minecraft:boat_one_cm":121680,"minecraft:jump":2644,"minecraft:walk_on_water_one_cm":8931,"minecraft:total_world_time":361750,"minecraft:interact_with_furnace":140,"minecraft:traded_with_villager":273,"minecraft:raid_trigger":1,"minecraft:interact_with_stonecutter":1,"minecraft:sleep_in_bed":24,"minecraft:time_since_rest":1297,"minecraft:damage_taken":1577,"minecraft:damage_dealt":3110,"minecraft:swim_one_cm":48909,"minecraft:fly_one_cm":505743,"minecraft:open_chest":141,"minecraft:crouch_one_cm":21655,"minecraft:fall_one_cm":45071},"minecraft:mined":{"minecraft:spruce_planks":3,"minecraft:white_bed":8,"minecraft:oak_sapling":7,"minecraft:oak_door":2,"minecraft:stone_button":1,"minecraft:grass_block":742,"minecraft:spruce_leaves":122,"minecraft:composter":2,"minecraft:oxeye_daisy":1,"minecraft:oak_trapdoor":8,"minecraft:spruce_sapling":3,"minecraft:carrots":122,"minecraft:pumpkin":31,"minecraft:fletching_table":1,"minecraft:bookshelf":4,"minecraft:potatoes":116,"minecraft:cobblestone_slab":45,"minecraft:dirt_path":2,"minecraft:stone":251,"minecraft:smithing_table":2,"minecraft:dandelion":1,"minecraft:powder_snow":13,"minecraft:oak_fence":2,"minecraft:clay":4,"minecraft:torch":31,"minecraft:lectern":25,"minecraft:glass":1,"minecraft:tall_grass":7,"minecraft:cobblestone":118,"minecraft:sugar_cane":7,"minecraft:wall_torch":9,"minecraft:birch_sapling":5,"minecraft:white_terracotta":104,"minecraft:birch_log":175,"minecraft:wheat":374,"minecraft:spruce_log":451,"minecraft:birch_leaves":229,"minecraft:yellow_bed":13,"minecraft:grass":26,"minecraft:coal_ore":54,"minecraft:oak_log":524,"minecraft:beetroots":8,"minecraft:dirt":258,"minecraft:terracotta":2,"minecraft:spruce_fence_gate":23,"minecraft:stonecutter":1,"minecraft:oak_leaves":491,"minecraft:fern":1},"minecraft:picked_up":{"minecraft:wheat":312,"minecraft:azure_bluet":1,"minecraft:clay_ball":16,"minecraft:smithing_table":2,"minecraft:lead":2,"minecraft:shield":1,"minecraft:oak_trapdoor":7,"minecraft:iron_axe":1,"minecraft:iron_shovel":3,"minecraft:beetroot":7,"minecraft:smooth_stone":7,"minecraft:bucket":1,"minecraft:spruce_planks":71,"minecraft:oak_boat":20,"minecraft:cobblestone_slab":67,"minecraft:poppy":2,"minecraft:lectern":25,"minecraft:sugar_cane":10,"minecraft:birch_sapling":28,"minecraft:stick":256,"minecraft:oak_door":4,"minecraft:composter":2,"minecraft:oak_fence":2,"minecraft:torch":60,"minecraft:stone_button":1,"minecraft:carrot":425,"minecraft:stone_shovel":1,"minecraft:rotten_flesh":5,"minecraft:beetroot_seeds":17,"minecraft:white_terracotta":93,"minecraft:obsidian":2,"minecraft:cobblestone":408,"minecraft:oxeye_daisy":3,"minecraft:birch_log":175,"minecraft:salmon":13,"minecraft:leather":2,"minecraft:potato":400,"minecraft:flint":8,"minecraft:oak_log":530,"minecraft:yellow_bed":13,"minecraft:gunpowder":1,"minecraft:dirt":1166,"minecraft:white_banner":4,"minecraft:cooked_mutton":5,"minecraft:apple":10,"minecraft:stonecutter":1,"minecraft:wheat_seeds":955,"minecraft:iron_ingot":7,"minecraft:bell":3,"minecraft:stone_pickaxe":5,"minecraft:fletching_table":1,"minecraft:oak_planks":62,"minecraft:book":12,"minecraft:pumpkin":31,"minecraft:dandelion":12,"minecraft:poisonous_potato":2,"minecraft:spruce_sapling":58,"minecraft:white_bed":8,"minecraft:spruce_log":599,"minecraft:spruce_fence_gate":20,"minecraft:stone_axe":1,"minecraft:iron_helmet":1,"minecraft:diamond_axe":1,"minecraft:bread":1,"minecraft:bone_meal":3,"minecraft:golden_horse_armor":1,"minecraft:emerald":51,"minecraft:terracotta":2,"minecraft:baked_potato":64,"minecraft:oak_sapling":108,"minecraft:coal":57},"minecraft:killed_by":{"minecraft:vindicator":1},"minecraft:used":{"minecraft:oak_trapdoor":30,"minecraft:beetroot":1,"minecraft:oak_fence":16,"minecraft:iron_shovel":91,"minecraft:stone_shovel":809,"minecraft:spruce_planks":259,"minecraft:chest":11,"minecraft:shield":6,"minecraft:white_terracotta":1,"minecraft:bell":3,"minecraft:cooked_salmon":7,"minecraft:stone_hoe":523,"minecraft:oak_door":6,"minecraft:torch":115,"minecraft:dirt":942,"minecraft:carrot":190,"minecraft:oak_fence_gate":2,"minecraft:iron_axe":730,"minecraft:birch_sapling":28,"minecraft:oak_sapling":104,"minecraft:furnace":2,"minecraft:beetroot_seeds":18,"minecraft:potato":184,"minecraft:wheat_seeds":482,"minecraft:cooked_mutton":5,"minecraft:water_bucket":21,"minecraft:cobblestone_stairs":13,"minecraft:stone_pickaxe":613,"minecraft:baked_potato":9,"minecraft:sugar_cane":10,"minecraft:composter":2,"minecraft:spruce_fence_gate":45,"minecraft:cobblestone_slab":92,"minecraft:fletching_table":2,"minecraft:stonecutter":1,"minecraft:white_bed":8,"minecraft:spruce_log":7,"minecraft:pumpkin_seeds":18,"minecraft:bread":18,"minecraft:stone_button":2,"minecraft:lectern":25,"minecraft:spruce_sapling":36,"minecraft:stone_axe":1482,"minecraft:cobblestone":345,"minecraft:smithing_table":2,"minecraft:bucket":21,"minecraft:yellow_bed":13,"minecraft:oak_boat":21,"minecraft:bone_meal":3},"minecraft:killed":{"minecraft:spider":1,"minecraft:salmon":14,"minecraft:creeper":3,"minecraft:trader_llama":2,"minecraft:pillager":4},"minecraft:dropped":{"minecraft:wheat_seeds":2,"minecraft:diamond_axe":1,"minecraft:poisonous_potato":1,"minecraft:iron_shovel":3,"minecraft:birch_log":82,"minecraft:oak_door":1,"minecraft:stone_axe":1,"minecraft:wheat":64,"minecraft:rotten_flesh":5,"minecraft:potato":1,"minecraft:shield":1,"minecraft:spruce_planks":128,"minecraft:oak_boat":3},"minecraft:crafted":{"minecraft:oak_door":6,"minecraft:oak_planks":2636,"minecraft:smooth_stone":420,"minecraft:stone_shovel":7,"minecraft:cobblestone_slab":130,"minecraft:furnace":2,"minecraft:stone_button":1,"minecraft:stone":620,"minecraft:cobblestone_stairs":40,"minecraft:bookshelf":4,"minecraft:oak_trapdoor":26,"minecraft:glass":43,"minecraft:iron_axe":2,"minecraft:stone_pickaxe":48,"minecraft:chest":11,"minecraft:stone_hoe":3,"minecraft:oak_fence":45,"minecraft:pumpkin":1,"minecraft:emerald":188,"minecraft:diamond_axe":2,"minecraft:spruce_planks":1004,"minecraft:baked_potato":69,"minecraft:cooked_salmon":7,"minecraft:fletching_table":1,"minecraft:birch_planks":372,"minecraft:bucket":2,"minecraft:pumpkin_seeds":60,"minecraft:stone_axe":33,"minecraft:bread":18,"minecraft:air":0,"minecraft:oak_fence_gate":2,"minecraft:oak_boat":5,"minecraft:shield":2,"minecraft:stick":6602,"minecraft:iron_ingot":9,"minecraft:iron_shovel":6,"minecraft:spruce_fence_gate":42,"minecraft:torch":64}},"DataVersion":3465}