{"stats":{"minecraft:used":{"minecraft:beetroot":1,"minecraft:iron_shovel":260,"minecraft:ladder":312,"minecraft:diamond_hoe":3515,"minecraft:chest":26,"minecraft:shield":24,"minecraft:white_terracotta":1,"minecraft:stone":4,"minecraft:quartz_stairs":27,"minecraft:bell":3,"minecraft:carrot":1020,"minecraft:tuff":27,"minecraft:snowball":20,"minecraft:milk_bucket":3,"minecraft:obsidian":16,"minecraft:lava_bucket":12,"minecraft:birch_sapling":53,"minecraft:bow":17,"minecraft:oak_sapling":310,"minecraft:furnace":6,"minecraft:beetroot_seeds":781,"minecraft:potato":680,"minecraft:diorite":63,"minecraft:spruce_door":1,"minecraft:stone_pickaxe":1397,"minecraft:composter":2,"minecraft:sugar_cane":27,"minecraft:diamond_axe":3760,"minecraft:pumpkin_seeds":29,"minecraft:bread":19,"minecraft:stone_button":2,"minecraft:lectern":34,"minecraft:deepslate":6,"minecraft:gravel":3,"minecraft:diamond_sword":827,"minecraft:smithing_table":5,"minecraft:birch_log":1,"minecraft:oak_boat":21,"minecraft:bone_meal":6,"minecraft:oak_fence":16,"minecraft:oak_trapdoor":31,"minecraft:enchanting_table":1,"minecraft:flint_and_steel":1,"minecraft:stone_shovel":809,"minecraft:spruce_planks":291,"minecraft:cooked_salmon":9,"minecraft:stone_hoe":799,"minecraft:oak_door":7,"minecraft:torch":797,"minecraft:dirt":1538,"minecraft:anvil":1,"minecraft:hopper":6,"minecraft:granite":2,"minecraft:oak_fence_gate":2,"minecraft:bookshelf":18,"minecraft:iron_axe":1578,"minecraft:golden_carrot":3,"minecraft:cooked_beef":27,"minecraft:cobbled_deepslate":103,"minecraft:pumpkin":2,"minecraft:wheat_seeds":1603,"minecraft:cooked_mutton":5,"minecraft:water_bucket":42,"minecraft:cobblestone_stairs":13,"minecraft:birch_planks":1,"minecraft:baked_potato":97,"minecraft:fletching_table":4,"minecraft:spruce_fence_gate":45,"minecraft:stonecutter":2,"minecraft:cobblestone_slab":93,"minecraft:crafting_table":4,"minecraft:white_bed":16,"minecraft:spruce_log":9,"minecraft:oak_log":1,"minecraft:diamond_pickaxe":3855,"minecraft:diamond_shovel":484,"minecraft:iron_pickaxe":75,"minecraft:spruce_sapling":153,"minecraft:stone_axe":1482,"minecraft:cobblestone":714,"minecraft:bucket":56,"minecraft:yellow_bed":13},"minecraft:killed":{"minecraft:spider":5,"minecraft:skeleton":9,"minecraft:salmon":14,"minecraft:creeper":8,"minecraft:trader_llama":4,"minecraft:pillager":8,"minecraft:zombie":33,"minecraft:cow":243,"minecraft:vindicator":1,"minecraft:wandering_trader":1,"minecraft:ravager":1,"minecraft:enderman":1},"minecraft:custom":{"minecraft:animals_bred":376,"minecraft:interact_with_crafting_table":154,"minecraft:open_barrel":1,"minecraft:bell_ring":1,"minecraft:leave_game":7,"minecraft:time_since_death":279398,"minecraft:sprint_one_cm":3264400,"minecraft:damage_blocked_by_shield":1470,"minecraft:drop":129,"minecraft:talked_to_villager":398,"minecraft:play_time":1168045,"minecraft:deaths":5,"minecraft:jump":9479,"minecraft:walk_on_water_one_cm":39282,"minecraft:enchant_item":5,"minecraft:interact_with_furnace":309,"minecraft:traded_with_villager":1113,"minecraft:sleep_in_bed":67,"minecraft:damage_dealt":23363,"minecraft:crouch_one_cm":98656,"minecraft:interact_with_smoker":1,"minecraft:mob_kills":328,"minecraft:interact_with_anvil":8,"minecraft:climb_one_cm":121853,"minecraft:walk_one_cm":4723003,"minecraft:sneak_time":27050,"minecraft:walk_under_water_one_cm":35699,"minecraft:boat_one_cm":121680,"minecraft:total_world_time":1168045,"minecraft:raid_trigger":1,"minecraft:interact_with_stonecutter":5,"minecraft:time_since_rest":1002,"minecraft:damage_taken":6278,"minecraft:swim_one_cm":84389,"minecraft:fly_one_cm":1787921,"minecraft:open_chest":616,"minecraft:fall_one_cm":148607},"minecraft:mined":{"minecraft:spruce_planks":11,"minecraft:white_bed":16,"minecraft:oak_sapling":9,"minecraft:farmland":2,"minecraft:sculk_vein":2,"minecraft:obsidian":22,"minecraft:granite":17,"minecraft:budding_amethyst":8,"minecraft:grass_block":1001,"minecraft:composter":2,"minecraft:hopper":1,"minecraft:oxeye_daisy":1,"minecraft:smooth_stone":15,"minecraft:magma_block":7,"minecraft:iron_ore":92,"minecraft:cobbled_deepslate":46,"minecraft:pumpkin":308,"minecraft:fletching_table":2,"minecraft:deepslate_lapis_ore":15,"minecraft:dirt_path":2,"minecraft:deepslate_redstone_ore":63,"minecraft:amethyst_cluster":13,"minecraft:powder_snow":24,"minecraft:clay":27,"minecraft:torch":56,"minecraft:calcite":53,"minecraft:chest":2,"minecraft:glass":1,"minecraft:cobblestone":358,"minecraft:sugar_cane":288,"minecraft:wall_torch":49,"minecraft:amethyst_block":46,"minecraft:birch_sapling":11,"minecraft:white_terracotta":104,"minecraft:birch_log":325,"minecraft:wheat":1469,"minecraft:grass":126,"minecraft:oak_log":1356,"minecraft:beetroots":621,"minecraft:dirt":553,"minecraft:smooth_basalt":15,"minecraft:stonecutter":1,"minecraft:oak_leaves":3546,"minecraft:deepslate":2112,"minecraft:tuff":265,"minecraft:quartz_stairs":3,"minecraft:deepslate_diamond_ore":36,"minecraft:oak_door":2,"minecraft:ladder":36,"minecraft:stone_button":1,"minecraft:spruce_leaves":812,"minecraft:oak_trapdoor":9,"minecraft:spruce_sapling":29,"minecraft:furnace":1,"minecraft:carrots":860,"minecraft:andesite":16,"minecraft:peony":2,"minecraft:bookshelf":4,"minecraft:potatoes":688,"minecraft:deepslate_iron_ore":22,"minecraft:cobblestone_slab":46,"minecraft:stone":1204,"minecraft:smithing_table":4,"minecraft:spruce_door":1,"minecraft:dandelion":4,"minecraft:oak_fence":2,"minecraft:crafting_table":1,"minecraft:cornflower":1,"minecraft:sculk_sensor":2,"minecraft:lectern":34,"minecraft:tall_grass":22,"minecraft:lapis_ore":2,"minecraft:deepslate_gold_ore":27,"minecraft:sculk":3,"minecraft:diorite":64,"minecraft:spruce_log":1540,"minecraft:birch_leaves":449,"minecraft:yellow_bed":14,"minecraft:coal_ore":399,"minecraft:gravel":104,"minecraft:cracked_stone_bricks":1,"minecraft:terracotta":2,"minecraft:spruce_fence_gate":23,"minecraft:gold_ore":7,"minecraft:fern":1},"minecraft:dropped":{"minecraft:diamond_axe":1,"minecraft:cooked_beef":24,"minecraft:oak_log":1,"minecraft:baked_potato":52,"minecraft:diamond":1,"minecraft:lantern":25,"minecraft:cracked_stone_bricks":1,"minecraft:flint":7,"minecraft:dirt":61,"minecraft:iron_pickaxe":1,"minecraft:birch_log":82,"minecraft:bone":4,"minecraft:oak_door":1,"minecraft:gravel":19,"minecraft:stone_axe":1,"minecraft:cobbled_deepslate":2,"minecraft:wheat":218,"minecraft:rotten_flesh":9,"minecraft:poppy":1,"minecraft:gunpowder":2,"minecraft:quartz_block":3,"minecraft:beetroot_seeds":1,"minecraft:arrow":106,"minecraft:enchanted_book":1,"minecraft:golden_boots":1,"minecraft:purple_terracotta":12,"minecraft:wheat_seeds":2,"minecraft:diamond_leggings":1,"minecraft:poisonous_potato":1,"minecraft:iron_helmet":1,"minecraft:cobblestone":40,"minecraft:granite":20,"minecraft:stick":37,"minecraft:diorite":86,"minecraft:torch":65,"minecraft:iron_leggings":1,"minecraft:iron_shovel":6,"minecraft:string":2,"minecraft:diamond_sword":1,"minecraft:potato":9,"minecraft:shield":1,"minecraft:spruce_planks":128,"minecraft:diamond_pickaxe":3,"minecraft:iron_chestplate":1,"minecraft:andesite":15,"minecraft:yellow_bed":1,"minecraft:oak_boat":3,"minecraft:spider_eye":2,"minecraft:spruce_log":163,"minecraft:bow":2,"minecraft:stone_pickaxe":12},"minecraft:broken":{"minecraft:stone_pickaxe":9,"minecraft:stone_axe":11,"minecraft:stone_shovel":6,"minecraft:diamond_hoe":1,"minecraft:stone_hoe":3,"minecraft:iron_axe":1},"minecraft:killed_by":{"minecraft:creeper":1,"minecraft:vindicator":1},"minecraft:picked_up":{"minecraft:iron_chestplate":2,"minecraft:wheat":1350,"minecraft:smithing_table":4,"minecraft:lead":6,"minecraft:diamond_sword":1,"minecraft:amethyst_block":63,"minecraft:string":2,"minecraft:raw_copper":49,"minecraft:cooked_salmon":2,"minecraft:iron_leggings":3,"minecraft:beetroot":579,"minecraft:cobbled_deepslate":2103,"minecraft:diamond_leggings":1,"minecraft:smooth_stone":21,"minecraft:gold_nugget":18,"minecraft:bucket":2,"minecraft:spruce_planks":231,"minecraft:cobblestone_slab":151,"minecraft:calcite":52,"minecraft:iron_pickaxe":4,"minecraft:furnace":1,"minecraft:golden_helmet":1,"minecraft:stick":611,"minecraft:composter":2,"minecraft:oak_fence":2,"minecraft:torch":583,"minecraft:diorite":271,"minecraft:golden_chestplate":1,"minecraft:rotten_flesh":21,"minecraft:white_terracotta":93,"minecraft:obsidian":22,"minecraft:snowball":20,"minecraft:cobblestone":1306,"minecraft:birch_log":331,"minecraft:cooked_beef":49,"minecraft:water_bucket":1,"minecraft:andesite":76,"minecraft:potato":2160,"minecraft:flint":22,"minecraft:tuff":268,"minecraft:lantern":1,"minecraft:lapis_lazuli":285,"minecraft:dirt":2420,"minecraft:bone":26,"minecraft:stonecutter":1,"minecraft:bow":5,"minecraft:wheat_seeds":3682,"minecraft:raw_gold":55,"minecraft:bell":3,"minecraft:diamond_helmet":1,"minecraft:fletching_table":2,"minecraft:stone_hoe":2,"minecraft:oak_planks":110,"minecraft:poisonous_potato":8,"minecraft:spruce_fence_gate":20,"minecraft:deepslate":53,"minecraft:diamond":64,"minecraft:granite":40,"minecraft:bone_meal":3,"minecraft:emerald":59,"minecraft:golden_horse_armor":1,"minecraft:bread":1,"minecraft:oak_sapling":305,"minecraft:diamond_pickaxe":2,"minecraft:charcoal":110,"minecraft:crafting_table":1,"minecraft:azure_bluet":6,"minecraft:ladder":85,"minecraft:clay_ball":112,"minecraft:shield":5,"minecraft:cornflower":1,"minecraft:oak_trapdoor":9,"minecraft:iron_axe":5,"minecraft:iron_shovel":14,"minecraft:cracked_stone_bricks":2,"minecraft:beef":478,"minecraft:oak_boat":22,"minecraft:poppy":8,"minecraft:lectern":34,"minecraft:quartz_stairs":3,"minecraft:sugar_cane":404,"minecraft:chest":2,"minecraft:birch_sapling":53,"minecraft:egg":2,"minecraft:raw_iron":235,"minecraft:stone":361,"minecraft:oak_door":4,"minecraft:stone_button":1,"minecraft:carrot":2739,"minecraft:redstone":414,"minecraft:stone_shovel":3,"minecraft:arrow":86,"minecraft:diamond_chestplate":1,"minecraft:beetroot_seeds":1607,"minecraft:peony":3,"minecraft:diamond_boots":1,"minecraft:saddle":2,"minecraft:oxeye_daisy":4,"minecraft:golden_carrot":10,"minecraft:salmon":13,"minecraft:leather":269,"minecraft:oak_log":1389,"minecraft:yellow_bed":14,"minecraft:golden_boots":3,"minecraft:gunpowder":9,"minecraft:cobblestone_stairs":28,"minecraft:paper":21,"minecraft:white_banner":6,"minecraft:cooked_mutton":5,"minecraft:apple":41,"minecraft:stone_pickaxe":30,"minecraft:iron_ingot":11,"minecraft:book":12,"minecraft:smooth_basalt":15,"minecraft:pumpkin":307,"minecraft:dandelion":16,"minecraft:gravel":99,"minecraft:amethyst_shard":110,"minecraft:spruce_sapling":161,"minecraft:white_bed":18,"minecraft:spruce_log":1779,"minecraft:spruce_door":1,"minecraft:spider_eye":2,"minecraft:pumpkin_seeds":1,"minecraft:stone_axe":1,"minecraft:iron_helmet":3,"minecraft:diamond_axe":3,"minecraft:terracotta":2,"minecraft:baked_potato":117,"minecraft:coal":887,"minecraft:hopper":1,"minecraft:ender_pearl":2},"minecraft:crafted":{"minecraft:oak_planks":5116,"minecraft:smooth_stone":420,"minecraft:cobblestone_slab":130,"minecraft:stone":627,"minecraft:cobblestone_stairs":40,"minecraft:diamond_shovel":1,"minecraft:bookshelf":18,"minecraft:quartz_block":39,"minecraft:glass":43,"minecraft:hopper":5,"minecraft:diamond_helmet":1,"minecraft:bow":2,"minecraft:diamond_leggings":2,"minecraft:chest":29,"minecraft:chiseled_stone_bricks":44,"minecraft:stone_hoe":5,"minecraft:oak_fence":45,"minecraft:quartz_stairs":24,"minecraft:pumpkin":1,"minecraft:deepslate":117,"minecraft:emerald":811,"minecraft:arrow":176,"minecraft:diamond_axe":6,"minecraft:crafting_table":7,"minecraft:spruce_planks":4356,"minecraft:baked_potato":150,"minecraft:smithing_table":1,"minecraft:fletching_table":2,"minecraft:birch_planks":788,"minecraft:pumpkin_seeds":72,"minecraft:diamond_pickaxe":7,"minecraft:book":110,"minecraft:paper":345,"minecraft:charcoal":60,"minecraft:shield":2,"minecraft:stick":19386,"minecraft:iron_ingot":82,"minecraft:iron_pickaxe":1,"minecraft:iron_block":10,"minecraft:gold_ingot":19,"minecraft:spruce_fence_gate":42,"minecraft:oak_door":6,"minecraft:stone_shovel":7,"minecraft:diamond_hoe":3,"minecraft:furnace":5,"minecraft:stone_button":1,"minecraft:bone_meal":3,"minecraft:oak_trapdoor":26,"minecraft:flint_and_steel":1,"minecraft:lantern":76,"minecraft:polished_diorite":16,"minecraft:iron_axe":2,"minecraft:ladder":354,"minecraft:stone_pickaxe":48,"minecraft:diamond_boots":1,"minecraft:redstone_block":94,"minecraft:cooked_beef":57,"minecraft:coal_block":48,"minecraft:purple_terracotta":43,"minecraft:diamond_sword":2,"minecraft:enchanting_table":1,"minecraft:cooked_salmon":7,"minecraft:bucket":2,"minecraft:stone_axe":33,"minecraft:enchanted_book":8,"minecraft:bread":18,"minecraft:air":0,"minecraft:oak_fence_gate":2,"minecraft:oak_boat":5,"minecraft:iron_shovel":7,"minecraft:stonecutter":1,"minecraft:anvil":1,"minecraft:torch":752,"minecraft:lapis_lazuli":36,"minecraft:lapis_block":41,"minecraft:diamond_chestplate":1}},"DataVersion":3465}