{"stats":{"minecraft:used":{"minecraft:beetroot":1,"minecraft:iron_shovel":212,"minecraft:ladder":312,"minecraft:chest":23,"minecraft:shield":24,"minecraft:white_terracotta":1,"minecraft:bell":3,"minecraft:carrot":620,"minecraft:tuff":27,"minecraft:snowball":20,"minecraft:birch_sapling":35,"minecraft:bow":17,"minecraft:furnace":6,"minecraft:oak_sapling":177,"minecraft:beetroot_seeds":302,"minecraft:potato":600,"minecraft:diorite":63,"minecraft:spruce_door":1,"minecraft:stone_pickaxe":1397,"minecraft:composter":2,"minecraft:diamond_axe":2169,"minecraft:sugar_cane":18,"minecraft:pumpkin_seeds":18,"minecraft:bread":19,"minecraft:stone_button":2,"minecraft:lectern":34,"minecraft:diamond_sword":139,"minecraft:smithing_table":5,"minecraft:birch_log":1,"minecraft:oak_boat":21,"minecraft:bone_meal":6,"minecraft:oak_fence":16,"minecraft:oak_trapdoor":31,"minecraft:enchanting_table":1,"minecraft:stone_shovel":809,"minecraft:spruce_planks":290,"minecraft:cooked_salmon":9,"minecraft:stone_hoe":799,"minecraft:oak_door":7,"minecraft:torch":774,"minecraft:dirt":1049,"minecraft:anvil":1,"minecraft:granite":2,"minecraft:oak_fence_gate":2,"minecraft:bookshelf":18,"minecraft:iron_axe":1578,"minecraft:golden_carrot":3,"minecraft:cooked_beef":1,"minecraft:cobbled_deepslate":34,"minecraft:wheat_seeds":1124,"minecraft:cooked_mutton":5,"minecraft:water_bucket":29,"minecraft:cobblestone_stairs":13,"minecraft:baked_potato":95,"minecraft:fletching_table":4,"minecraft:stonecutter":1,"minecraft:cobblestone_slab":93,"minecraft:spruce_fence_gate":45,"minecraft:crafting_table":4,"minecraft:white_bed":11,"minecraft:spruce_log":9,"minecraft:oak_log":1,"minecraft:diamond_pickaxe":3133,"minecraft:iron_pickaxe":75,"minecraft:spruce_sapling":104,"minecraft:stone_axe":1482,"minecraft:cobblestone":713,"minecraft:bucket":30,"minecraft:yellow_bed":13},"minecraft:killed":{"minecraft:spider":5,"minecraft:skeleton":7,"minecraft:salmon":14,"minecraft:creeper":7,"minecraft:trader_llama":2,"minecraft:pillager":8,"minecraft:zombie":27,"minecraft:vindicator":1,"minecraft:ravager":1,"minecraft:enderman":1},"minecraft:custom":{"minecraft:animals_bred":109,"minecraft:interact_with_crafting_table":118,"minecraft:open_barrel":1,"minecraft:bell_ring":1,"minecraft:leave_game":5,"minecraft:time_since_death":15768,"minecraft:sprint_one_cm":2473092,"minecraft:damage_blocked_by_shield":1470,"minecraft:drop":101,"minecraft:talked_to_villager":295,"minecraft:play_time":904415,"minecraft:deaths":5,"minecraft:jump":7198,"minecraft:walk_on_water_one_cm":25584,"minecraft:enchant_item":1,"minecraft:interact_with_furnace":262,"minecraft:traded_with_villager":730,"minecraft:sleep_in_bed":50,"minecraft:damage_dealt":13373,"minecraft:crouch_one_cm":45940,"minecraft:interact_with_smoker":1,"minecraft:mob_kills":73,"minecraft:interact_with_anvil":3,"minecraft:climb_one_cm":107598,"minecraft:walk_one_cm":3425230,"minecraft:sneak_time":16688,"minecraft:walk_under_water_one_cm":19062,"minecraft:boat_one_cm":121680,"minecraft:total_world_time":904415,"minecraft:raid_trigger":1,"minecraft:interact_with_stonecutter":1,"minecraft:time_since_rest":5524,"minecraft:damage_taken":5245,"minecraft:swim_one_cm":60803,"minecraft:fly_one_cm":1308061,"minecraft:open_chest":411,"minecraft:fall_one_cm":117637},"minecraft:mined":{"minecraft:spruce_planks":9,"minecraft:white_bed":12,"minecraft:oak_sapling":8,"minecraft:farmland":2,"minecraft:sculk_vein":2,"minecraft:obsidian":3,"minecraft:granite":17,"minecraft:budding_amethyst":8,"minecraft:grass_block":745,"minecraft:composter":2,"minecraft:oxeye_daisy":1,"minecraft:smooth_stone":14,"minecraft:magma_block":7,"minecraft:iron_ore":92,"minecraft:cobbled_deepslate":11,"minecraft:pumpkin":195,"minecraft:deepslate_lapis_ore":15,"minecraft:fletching_table":2,"minecraft:dirt_path":2,"minecraft:deepslate_redstone_ore":63,"minecraft:amethyst_cluster":13,"minecraft:powder_snow":24,"minecraft:clay":4,"minecraft:torch":53,"minecraft:calcite":53,"minecraft:chest":1,"minecraft:glass":1,"minecraft:cobblestone":157,"minecraft:sugar_cane":191,"minecraft:wall_torch":42,"minecraft:amethyst_block":46,"minecraft:birch_sapling":11,"minecraft:white_terracotta":104,"minecraft:birch_log":244,"minecraft:wheat":993,"minecraft:grass":74,"minecraft:oak_log":1053,"minecraft:beetroots":141,"minecraft:dirt":301,"minecraft:smooth_basalt":15,"minecraft:stonecutter":1,"minecraft:oak_leaves":1038,"minecraft:deepslate":2044,"minecraft:tuff":265,"minecraft:deepslate_diamond_ore":36,"minecraft:oak_door":2,"minecraft:ladder":36,"minecraft:stone_button":1,"minecraft:spruce_leaves":201,"minecraft:oak_trapdoor":9,"minecraft:spruce_sapling":23,"minecraft:furnace":1,"minecraft:carrots":533,"minecraft:andesite":16,"minecraft:peony":2,"minecraft:bookshelf":4,"minecraft:potatoes":536,"minecraft:deepslate_iron_ore":22,"minecraft:cobblestone_slab":46,"minecraft:stone":829,"minecraft:smithing_table":4,"minecraft:spruce_door":1,"minecraft:dandelion":1,"minecraft:oak_fence":2,"minecraft:crafting_table":1,"minecraft:sculk_sensor":2,"minecraft:lectern":34,"minecraft:tall_grass":12,"minecraft:lapis_ore":2,"minecraft:deepslate_gold_ore":27,"minecraft:sculk":3,"minecraft:diorite":64,"minecraft:spruce_log":1152,"minecraft:birch_leaves":237,"minecraft:yellow_bed":14,"minecraft:coal_ore":388,"minecraft:gravel":79,"minecraft:cracked_stone_bricks":1,"minecraft:terracotta":2,"minecraft:spruce_fence_gate":23,"minecraft:gold_ore":7,"minecraft:fern":1},"minecraft:dropped":{"minecraft:diamond_axe":1,"minecraft:baked_potato":52,"minecraft:diamond":1,"minecraft:cracked_stone_bricks":1,"minecraft:flint":7,"minecraft:dirt":61,"minecraft:iron_pickaxe":1,"minecraft:birch_log":82,"minecraft:bone":4,"minecraft:oak_door":1,"minecraft:gravel":19,"minecraft:stone_axe":1,"minecraft:wheat":64,"minecraft:rotten_flesh":9,"minecraft:poppy":1,"minecraft:gunpowder":2,"minecraft:beetroot_seeds":1,"minecraft:arrow":102,"minecraft:enchanted_book":1,"minecraft:golden_boots":1,"minecraft:wheat_seeds":2,"minecraft:diamond_leggings":1,"minecraft:poisonous_potato":1,"minecraft:iron_helmet":1,"minecraft:cobblestone":30,"minecraft:granite":20,"minecraft:stick":37,"minecraft:diorite":86,"minecraft:torch":65,"minecraft:iron_leggings":1,"minecraft:iron_shovel":6,"minecraft:string":2,"minecraft:diamond_sword":1,"minecraft:potato":9,"minecraft:shield":1,"minecraft:spruce_planks":128,"minecraft:iron_chestplate":1,"minecraft:diamond_pickaxe":2,"minecraft:andesite":15,"minecraft:yellow_bed":1,"minecraft:oak_boat":3,"minecraft:spider_eye":2,"minecraft:bow":2,"minecraft:stone_pickaxe":12},"minecraft:broken":{"minecraft:stone_pickaxe":9,"minecraft:stone_axe":11,"minecraft:stone_shovel":6,"minecraft:stone_hoe":3,"minecraft:iron_axe":1},"minecraft:killed_by":{"minecraft:creeper":1,"minecraft:vindicator":1},"minecraft:picked_up":{"minecraft:iron_chestplate":2,"minecraft:wheat":882,"minecraft:diamond_sword":1,"minecraft:smithing_table":4,"minecraft:lead":4,"minecraft:amethyst_block":63,"minecraft:string":2,"minecraft:raw_copper":49,"minecraft:cooked_salmon":2,"minecraft:iron_leggings":3,"minecraft:beetroot":133,"minecraft:diamond_leggings":1,"minecraft:cobbled_deepslate":2067,"minecraft:gold_nugget":18,"minecraft:smooth_stone":21,"minecraft:bucket":2,"minecraft:spruce_planks":192,"minecraft:cobblestone_slab":151,"minecraft:calcite":52,"minecraft:iron_pickaxe":4,"minecraft:furnace":1,"minecraft:golden_helmet":1,"minecraft:stick":483,"minecraft:composter":2,"minecraft:oak_fence":2,"minecraft:torch":568,"minecraft:diorite":271,"minecraft:rotten_flesh":20,"minecraft:white_terracotta":93,"minecraft:obsidian":5,"minecraft:snowball":20,"minecraft:cobblestone":1279,"minecraft:birch_log":250,"minecraft:water_bucket":1,"minecraft:andesite":76,"minecraft:potato":1654,"minecraft:flint":21,"minecraft:tuff":268,"minecraft:lapis_lazuli":285,"minecraft:dirt":1921,"minecraft:bone":24,"minecraft:stonecutter":1,"minecraft:bow":5,"minecraft:wheat_seeds":2503,"minecraft:raw_gold":55,"minecraft:bell":3,"minecraft:diamond_helmet":1,"minecraft:fletching_table":2,"minecraft:stone_hoe":2,"minecraft:oak_planks":110,"minecraft:poisonous_potato":8,"minecraft:spruce_fence_gate":20,"minecraft:diamond":64,"minecraft:granite":40,"minecraft:bone_meal":3,"minecraft:bread":1,"minecraft:golden_horse_armor":1,"minecraft:emerald":59,"minecraft:oak_sapling":172,"minecraft:diamond_pickaxe":2,"minecraft:charcoal":110,"minecraft:crafting_table":1,"minecraft:azure_bluet":4,"minecraft:ladder":85,"minecraft:clay_ball":32,"minecraft:shield":5,"minecraft:oak_trapdoor":9,"minecraft:iron_axe":5,"minecraft:iron_shovel":14,"minecraft:cracked_stone_bricks":2,"minecraft:beef":1,"minecraft:oak_boat":22,"minecraft:poppy":8,"minecraft:lectern":34,"minecraft:sugar_cane":268,"minecraft:chest":1,"minecraft:birch_sapling":35,"minecraft:egg":2,"minecraft:raw_iron":235,"minecraft:oak_door":4,"minecraft:stone_button":1,"minecraft:carrot":1618,"minecraft:redstone":414,"minecraft:diamond_chestplate":1,"minecraft:arrow":82,"minecraft:stone_shovel":3,"minecraft:beetroot_seeds":363,"minecraft:peony":3,"minecraft:diamond_boots":1,"minecraft:saddle":2,"minecraft:oxeye_daisy":3,"minecraft:golden_carrot":10,"minecraft:salmon":13,"minecraft:leather":7,"minecraft:oak_log":1089,"minecraft:golden_boots":3,"minecraft:yellow_bed":14,"minecraft:gunpowder":7,"minecraft:cobblestone_stairs":28,"minecraft:paper":21,"minecraft:white_banner":6,"minecraft:cooked_mutton":5,"minecraft:apple":22,"minecraft:stone_pickaxe":30,"minecraft:iron_ingot":11,"minecraft:book":12,"minecraft:smooth_basalt":15,"minecraft:pumpkin":194,"minecraft:dandelion":12,"minecraft:gravel":78,"minecraft:amethyst_shard":110,"minecraft:spruce_sapling":112,"minecraft:white_bed":13,"minecraft:spruce_log":1394,"minecraft:spider_eye":2,"minecraft:spruce_door":1,"minecraft:stone_axe":1,"minecraft:iron_helmet":3,"minecraft:diamond_axe":3,"minecraft:terracotta":2,"minecraft:baked_potato":117,"minecraft:coal":862,"minecraft:ender_pearl":2},"minecraft:crafted":{"minecraft:oak_planks":4628,"minecraft:smooth_stone":420,"minecraft:cobblestone_slab":130,"minecraft:stone":620,"minecraft:cobblestone_stairs":40,"minecraft:bookshelf":18,"minecraft:glass":43,"minecraft:diamond_helmet":1,"minecraft:diamond_leggings":2,"minecraft:bow":2,"minecraft:chest":22,"minecraft:stone_hoe":5,"minecraft:oak_fence":45,"minecraft:pumpkin":1,"minecraft:arrow":176,"minecraft:emerald":590,"minecraft:diamond_axe":6,"minecraft:crafting_table":7,"minecraft:spruce_planks":4004,"minecraft:baked_potato":150,"minecraft:smithing_table":1,"minecraft:fletching_table":2,"minecraft:birch_planks":532,"minecraft:pumpkin_seeds":60,"minecraft:diamond_pickaxe":5,"minecraft:book":4,"minecraft:paper":48,"minecraft:charcoal":60,"minecraft:shield":2,"minecraft:stick":17314,"minecraft:iron_ingot":82,"minecraft:iron_pickaxe":1,"minecraft:iron_block":10,"minecraft:gold_ingot":19,"minecraft:spruce_fence_gate":42,"minecraft:oak_door":6,"minecraft:stone_shovel":7,"minecraft:furnace":5,"minecraft:stone_button":1,"minecraft:bone_meal":3,"minecraft:oak_trapdoor":26,"minecraft:lantern":16,"minecraft:iron_axe":2,"minecraft:ladder":354,"minecraft:stone_pickaxe":48,"minecraft:diamond_boots":1,"minecraft:redstone_block":94,"minecraft:cooked_beef":1,"minecraft:coal_block":48,"minecraft:diamond_sword":2,"minecraft:enchanting_table":1,"minecraft:cooked_salmon":7,"minecraft:bucket":2,"minecraft:stone_axe":33,"minecraft:enchanted_book":3,"minecraft:bread":18,"minecraft:air":0,"minecraft:oak_fence_gate":2,"minecraft:oak_boat":5,"minecraft:iron_shovel":7,"minecraft:anvil":1,"minecraft:torch":752,"minecraft:lapis_block":41,"minecraft:diamond_chestplate":1}},"DataVersion":3465}