{"stats":{"minecraft:broken":{"minecraft:stone_hoe":2,"minecraft:stone_pickaxe":4,"minecraft:stone_axe":10,"minecraft:stone_shovel":6},"minecraft:custom":{"minecraft:mob_kills":20,"minecraft:animals_bred":1,"minecraft:interact_with_crafting_table":42,"minecraft:bell_ring":1,"minecraft:leave_game":2,"minecraft:time_since_death":271728,"minecraft:sprint_one_cm":751590,"minecraft:walk_one_cm":1111484,"minecraft:drop":14,"minecraft:talked_to_villager":57,"minecraft:play_time":277750,"minecraft:deaths":1,"minecraft:sneak_time":5210,"minecraft:walk_under_water_one_cm":16278,"minecraft:boat_one_cm":121680,"minecraft:jump":2171,"minecraft:walk_on_water_one_cm":5392,"minecraft:total_world_time":277750,"minecraft:interact_with_furnace":125,"minecraft:traded_with_villager":138,"minecraft:interact_with_stonecutter":1,"minecraft:sleep_in_bed":19,"minecraft:time_since_rest":3673,"minecraft:damage_taken":825,"minecraft:damage_dealt":1799,"minecraft:swim_one_cm":21760,"minecraft:fly_one_cm":429436,"minecraft:open_chest":94,"minecraft:crouch_one_cm":18560,"minecraft:fall_one_cm":38524},"minecraft:mined":{"minecraft:white_bed":8,"minecraft:oak_sapling":7,"minecraft:oak_door":2,"minecraft:stone_button":1,"minecraft:grass_block":647,"minecraft:spruce_leaves":40,"minecraft:composter":2,"minecraft:spruce_sapling":2,"minecraft:carrots":42,"minecraft:pumpkin":14,"minecraft:fletching_table":1,"minecraft:bookshelf":4,"minecraft:potatoes":37,"minecraft:cobblestone_slab":23,"minecraft:dirt_path":2,"minecraft:stone":251,"minecraft:smithing_table":2,"minecraft:powder_snow":13,"minecraft:oak_fence":2,"minecraft:clay":4,"minecraft:torch":30,"minecraft:lectern":6,"minecraft:glass":1,"minecraft:tall_grass":6,"minecraft:cobblestone":118,"minecraft:wall_torch":9,"minecraft:birch_sapling":5,"minecraft:white_terracotta":104,"minecraft:birch_log":156,"minecraft:wheat":214,"minecraft:spruce_log":121,"minecraft:birch_leaves":227,"minecraft:yellow_bed":13,"minecraft:grass":23,"minecraft:coal_ore":54,"minecraft:oak_log":410,"minecraft:beetroots":2,"minecraft:dirt":248,"minecraft:terracotta":2,"minecraft:stonecutter":1,"minecraft:oak_leaves":380,"minecraft:fern":1},"minecraft:picked_up":{"minecraft:wheat":191,"minecraft:azure_bluet":1,"minecraft:clay_ball":16,"minecraft:smithing_table":2,"minecraft:lead":2,"minecraft:beetroot":2,"minecraft:oak_boat":20,"minecraft:cobblestone_slab":23,"minecraft:poppy":2,"minecraft:lectern":6,"minecraft:birch_sapling":26,"minecraft:stick":88,"minecraft:oak_door":3,"minecraft:composter":2,"minecraft:oak_fence":2,"minecraft:torch":51,"minecraft:stone_button":1,"minecraft:carrot":141,"minecraft:rotten_flesh":5,"minecraft:beetroot_seeds":4,"minecraft:white_terracotta":93,"minecraft:cobblestone":385,"minecraft:oxeye_daisy":2,"minecraft:birch_log":156,"minecraft:salmon":13,"minecraft:leather":2,"minecraft:potato":131,"minecraft:oak_log":416,"minecraft:yellow_bed":13,"minecraft:gunpowder":1,"minecraft:dirt":925,"minecraft:cooked_mutton":5,"minecraft:apple":6,"minecraft:stonecutter":1,"minecraft:wheat_seeds":578,"minecraft:bell":3,"minecraft:stone_pickaxe":1,"minecraft:fletching_table":1,"minecraft:oak_planks":44,"minecraft:book":12,"minecraft:pumpkin":14,"minecraft:dandelion":11,"minecraft:poisonous_potato":1,"minecraft:spruce_sapling":15,"minecraft:white_bed":8,"minecraft:spruce_log":121,"minecraft:stone_axe":1,"minecraft:bone_meal":3,"minecraft:emerald":16,"minecraft:terracotta":2,"minecraft:oak_sapling":81,"minecraft:coal":57},"minecraft:used":{"minecraft:beetroot":1,"minecraft:oak_fence":16,"minecraft:stone_shovel":809,"minecraft:chest":8,"minecraft:white_terracotta":1,"minecraft:bell":3,"minecraft:cooked_salmon":3,"minecraft:stone_hoe":523,"minecraft:oak_door":6,"minecraft:torch":115,"minecraft:dirt":927,"minecraft:carrot":110,"minecraft:oak_fence_gate":2,"minecraft:birch_sapling":26,"minecraft:oak_sapling":87,"minecraft:furnace":2,"minecraft:beetroot_seeds":5,"minecraft:potato":105,"minecraft:wheat_seeds":322,"minecraft:cooked_mutton":5,"minecraft:water_bucket":21,"minecraft:cobblestone_stairs":13,"minecraft:stone_pickaxe":583,"minecraft:baked_potato":5,"minecraft:composter":2,"minecraft:cobblestone_slab":92,"minecraft:fletching_table":2,"minecraft:stonecutter":1,"minecraft:white_bed":7,"minecraft:pumpkin_seeds":18,"minecraft:bread":18,"minecraft:stone_button":2,"minecraft:lectern":6,"minecraft:spruce_sapling":15,"minecraft:stone_axe":1454,"minecraft:cobblestone":345,"minecraft:smithing_table":2,"minecraft:bucket":21,"minecraft:yellow_bed":13,"minecraft:oak_boat":21,"minecraft:bone_meal":3},"minecraft:killed":{"minecraft:spider":1,"minecraft:salmon":14,"minecraft:creeper":3,"minecraft:trader_llama":2},"minecraft:dropped":{"minecraft:wheat_seeds":1,"minecraft:poisonous_potato":1,"minecraft:birch_log":82,"minecraft:oak_door":1,"minecraft:stone_axe":1,"minecraft:wheat":64,"minecraft:rotten_flesh":5,"minecraft:potato":1,"minecraft:oak_boat":3},"minecraft:crafted":{"minecraft:oak_door":6,"minecraft:oak_planks":1644,"minecraft:smooth_stone":420,"minecraft:stone_shovel":7,"minecraft:cobblestone_slab":130,"minecraft:furnace":2,"minecraft:stone_button":1,"minecraft:stone":620,"minecraft:cobblestone_stairs":40,"minecraft:bookshelf":4,"minecraft:glass":43,"minecraft:stone_pickaxe":40,"minecraft:chest":8,"minecraft:stone_hoe":3,"minecraft:oak_fence":45,"minecraft:pumpkin":1,"minecraft:emerald":71,"minecraft:spruce_planks":104,"minecraft:baked_potato":5,"minecraft:cooked_salmon":7,"minecraft:fletching_table":1,"minecraft:bucket":2,"minecraft:pumpkin_seeds":60,"minecraft:stone_axe":33,"minecraft:bread":18,"minecraft:air":0,"minecraft:oak_fence_gate":2,"minecraft:oak_boat":5,"minecraft:stick":3062,"minecraft:iron_ingot":4,"minecraft:torch":64}},"DataVersion":3465}