{"stats":{"minecraft:broken":{"minecraft:stone_hoe":2,"minecraft:stone_pickaxe":6,"minecraft:iron_axe":1,"minecraft:stone_axe":11,"minecraft:stone_shovel":6},"minecraft:custom":{"minecraft:interact_with_anvil":2,"minecraft:mob_kills":33,"minecraft:animals_bred":6,"minecraft:interact_with_crafting_table":78,"minecraft:bell_ring":1,"minecraft:leave_game":2,"minecraft:time_since_death":15221,"minecraft:climb_one_cm":41242,"minecraft:sprint_one_cm":1494587,"minecraft:walk_one_cm":2022810,"minecraft:damage_blocked_by_shield":1470,"minecraft:drop":68,"minecraft:talked_to_villager":226,"minecraft:play_time":577750,"minecraft:deaths":4,"minecraft:sneak_time":10521,"minecraft:walk_under_water_one_cm":17180,"minecraft:boat_one_cm":121680,"minecraft:jump":4234,"minecraft:walk_on_water_one_cm":10011,"minecraft:total_world_time":577750,"minecraft:interact_with_furnace":185,"minecraft:traded_with_villager":452,"minecraft:raid_trigger":1,"minecraft:interact_with_stonecutter":1,"minecraft:sleep_in_bed":34,"minecraft:time_since_rest":10411,"minecraft:damage_taken":3447,"minecraft:damage_dealt":4604,"minecraft:swim_one_cm":48909,"minecraft:fly_one_cm":817657,"minecraft:open_chest":217,"minecraft:crouch_one_cm":30741,"minecraft:fall_one_cm":75782},"minecraft:mined":{"minecraft:tuff":8,"minecraft:spruce_planks":9,"minecraft:white_bed":8,"minecraft:oak_sapling":7,"minecraft:oak_door":2,"minecraft:ladder":33,"minecraft:granite":6,"minecraft:stone_button":1,"minecraft:grass_block":742,"minecraft:spruce_leaves":169,"minecraft:composter":2,"minecraft:oxeye_daisy":1,"minecraft:smooth_stone":14,"minecraft:magma_block":7,"minecraft:oak_trapdoor":8,"minecraft:spruce_sapling":3,"minecraft:carrots":301,"minecraft:cobbled_deepslate":2,"minecraft:iron_ore":7,"minecraft:andesite":1,"minecraft:pumpkin":91,"minecraft:fletching_table":2,"minecraft:peony":2,"minecraft:deepslate_iron_ore":7,"minecraft:bookshelf":4,"minecraft:potatoes":277,"minecraft:cobblestone_slab":46,"minecraft:dirt_path":2,"minecraft:stone":396,"minecraft:smithing_table":4,"minecraft:deepslate_redstone_ore":5,"minecraft:dandelion":1,"minecraft:powder_snow":13,"minecraft:oak_fence":2,"minecraft:clay":4,"minecraft:torch":36,"minecraft:lectern":34,"minecraft:glass":1,"minecraft:tall_grass":11,"minecraft:cobblestone":129,"minecraft:deepslate_gold_ore":13,"minecraft:sugar_cane":91,"minecraft:diorite":29,"minecraft:wall_torch":21,"minecraft:birch_sapling":5,"minecraft:white_terracotta":104,"minecraft:birch_log":175,"minecraft:wheat":694,"minecraft:spruce_log":793,"minecraft:birch_leaves":229,"minecraft:yellow_bed":13,"minecraft:grass":27,"minecraft:coal_ore":118,"minecraft:oak_log":599,"minecraft:beetroots":16,"minecraft:dirt":263,"minecraft:cracked_stone_bricks":1,"minecraft:terracotta":2,"minecraft:spruce_fence_gate":23,"minecraft:stonecutter":1,"minecraft:oak_leaves":643,"minecraft:deepslate":92,"minecraft:fern":1},"minecraft:picked_up":{"minecraft:charcoal":110,"minecraft:iron_chestplate":2,"minecraft:ladder":82,"minecraft:wheat":610,"minecraft:azure_bluet":4,"minecraft:clay_ball":32,"minecraft:smithing_table":4,"minecraft:lead":4,"minecraft:shield":4,"minecraft:cooked_salmon":2,"minecraft:oak_trapdoor":8,"minecraft:raw_copper":49,"minecraft:iron_axe":5,"minecraft:iron_leggings":3,"minecraft:iron_shovel":12,"minecraft:beetroot":12,"minecraft:cracked_stone_bricks":2,"minecraft:gold_nugget":18,"minecraft:cobbled_deepslate":135,"minecraft:smooth_stone":21,"minecraft:bucket":2,"minecraft:spruce_planks":86,"minecraft:beef":1,"minecraft:oak_boat":22,"minecraft:cobblestone_slab":151,"minecraft:poppy":8,"minecraft:iron_pickaxe":3,"minecraft:lectern":34,"minecraft:sugar_cane":125,"minecraft:birch_sapling":28,"minecraft:egg":2,"minecraft:stick":416,"minecraft:raw_iron":34,"minecraft:oak_door":4,"minecraft:composter":2,"minecraft:oak_fence":2,"minecraft:torch":474,"minecraft:stone_button":1,"minecraft:diorite":239,"minecraft:carrot":940,"minecraft:redstone":84,"minecraft:arrow":71,"minecraft:stone_shovel":2,"minecraft:rotten_flesh":10,"minecraft:beetroot_seeds":31,"minecraft:peony":3,"minecraft:saddle":2,"minecraft:white_terracotta":93,"minecraft:obsidian":2,"minecraft:cobblestone":869,"minecraft:oxeye_daisy":3,"minecraft:birch_log":175,"minecraft:golden_carrot":10,"minecraft:water_bucket":1,"minecraft:andesite":71,"minecraft:salmon":13,"minecraft:leather":7,"minecraft:potato":927,"minecraft:tuff":11,"minecraft:paper":21,"minecraft:golden_boots":2,"minecraft:flint":8,"minecraft:cobblestone_stairs":28,"minecraft:lapis_lazuli":100,"minecraft:oak_log":616,"minecraft:yellow_bed":13,"minecraft:gunpowder":7,"minecraft:dirt":1878,"minecraft:white_banner":6,"minecraft:cooked_mutton":5,"minecraft:bone":6,"minecraft:apple":12,"minecraft:raw_gold":26,"minecraft:bow":4,"minecraft:stonecutter":1,"minecraft:wheat_seeds":1726,"minecraft:iron_ingot":11,"minecraft:bell":3,"minecraft:stone_pickaxe":30,"minecraft:fletching_table":2,"minecraft:stone_hoe":2,"minecraft:oak_planks":62,"minecraft:book":12,"minecraft:pumpkin":91,"minecraft:dandelion":12,"minecraft:poisonous_potato":6,"minecraft:gravel":18,"minecraft:spruce_sapling":84,"minecraft:white_bed":8,"minecraft:spruce_log":1000,"minecraft:spruce_fence_gate":20,"minecraft:stone_axe":1,"minecraft:granite":28,"minecraft:iron_helmet":3,"minecraft:diamond_axe":2,"minecraft:bread":1,"minecraft:bone_meal":3,"minecraft:golden_horse_armor":1,"minecraft:emerald":59,"minecraft:terracotta":2,"minecraft:baked_potato":104,"minecraft:oak_sapling":122,"minecraft:coal":146},"minecraft:killed_by":{"minecraft:vindicator":1},"minecraft:used":{"minecraft:oak_trapdoor":30,"minecraft:beetroot":1,"minecraft:oak_fence":16,"minecraft:iron_shovel":95,"minecraft:stone_shovel":809,"minecraft:ladder":248,"minecraft:spruce_planks":260,"minecraft:chest":17,"minecraft:shield":24,"minecraft:white_terracotta":1,"minecraft:bell":3,"minecraft:cooked_salmon":9,"minecraft:stone_hoe":532,"minecraft:oak_door":7,"minecraft:torch":222,"minecraft:dirt":1007,"minecraft:anvil":1,"minecraft:carrot":369,"minecraft:granite":2,"minecraft:oak_fence_gate":2,"minecraft:bookshelf":13,"minecraft:iron_axe":1577,"minecraft:birch_sapling":28,"minecraft:golden_carrot":3,"minecraft:bow":17,"minecraft:oak_sapling":104,"minecraft:furnace":2,"minecraft:beetroot_seeds":32,"minecraft:potato":347,"minecraft:cobbled_deepslate":3,"minecraft:wheat_seeds":802,"minecraft:cooked_mutton":5,"minecraft:water_bucket":21,"minecraft:diorite":60,"minecraft:cobblestone_stairs":13,"minecraft:stone_pickaxe":995,"minecraft:baked_potato":35,"minecraft:diamond_axe":443,"minecraft:sugar_cane":18,"minecraft:composter":2,"minecraft:spruce_fence_gate":45,"minecraft:cobblestone_slab":93,"minecraft:fletching_table":4,"minecraft:stonecutter":1,"minecraft:crafting_table":1,"minecraft:white_bed":8,"minecraft:spruce_log":7,"minecraft:pumpkin_seeds":18,"minecraft:iron_pickaxe":54,"minecraft:bread":18,"minecraft:stone_button":2,"minecraft:lectern":34,"minecraft:spruce_sapling":71,"minecraft:stone_axe":1482,"minecraft:cobblestone":535,"minecraft:smithing_table":5,"minecraft:bucket":22,"minecraft:yellow_bed":13,"minecraft:oak_boat":21,"minecraft:bone_meal":6},"minecraft:killed":{"minecraft:vindicator":1,"minecraft:spider":1,"minecraft:skeleton":1,"minecraft:salmon":14,"minecraft:ravager":1,"minecraft:creeper":4,"minecraft:trader_llama":2,"minecraft:pillager":8,"minecraft:zombie":1},"minecraft:crafted":{"minecraft:oak_door":6,"minecraft:oak_planks":2980,"minecraft:smooth_stone":420,"minecraft:stone_shovel":7,"minecraft:cobblestone_slab":130,"minecraft:furnace":2,"minecraft:stone_button":1,"minecraft:stone":620,"minecraft:cobblestone_stairs":40,"minecraft:bone_meal":3,"minecraft:bookshelf":13,"minecraft:oak_trapdoor":26,"minecraft:glass":43,"minecraft:bow":2,"minecraft:iron_axe":2,"minecraft:ladder":246,"minecraft:stone_pickaxe":48,"minecraft:chest":17,"minecraft:stone_hoe":3,"minecraft:oak_fence":45,"minecraft:pumpkin":1,"minecraft:arrow":176,"minecraft:emerald":342,"minecraft:diamond_axe":3,"minecraft:crafting_table":1,"minecraft:spruce_planks":2600,"minecraft:baked_potato":69,"minecraft:smithing_table":1,"minecraft:cooked_salmon":7,"minecraft:fletching_table":2,"minecraft:birch_planks":372,"minecraft:bucket":2,"minecraft:pumpkin_seeds":60,"minecraft:stone_axe":33,"minecraft:enchanted_book":2,"minecraft:bread":18,"minecraft:air":0,"minecraft:oak_fence_gate":2,"minecraft:oak_boat":5,"minecraft:book":4,"minecraft:paper":48,"minecraft:charcoal":42,"minecraft:shield":2,"minecraft:stick":10560,"minecraft:iron_ingot":42,"minecraft:iron_pickaxe":1,"minecraft:iron_block":3,"minecraft:iron_shovel":6,"minecraft:anvil":1,"minecraft:spruce_fence_gate":42,"minecraft:torch":264},"minecraft:dropped":{"minecraft:golden_boots":1,"minecraft:enchanted_book":1,"minecraft:wheat_seeds":2,"minecraft:diamond_axe":1,"minecraft:baked_potato":46,"minecraft:iron_helmet":1,"minecraft:poisonous_potato":1,"minecraft:cobblestone":17,"minecraft:granite":20,"minecraft:cracked_stone_bricks":1,"minecraft:stick":37,"minecraft:dirt":61,"minecraft:diorite":55,"minecraft:torch":65,"minecraft:iron_leggings":1,"minecraft:iron_pickaxe":1,"minecraft:iron_shovel":6,"minecraft:birch_log":82,"minecraft:bone":4,"minecraft:oak_door":1,"minecraft:stone_axe":1,"minecraft:wheat":64,"minecraft:rotten_flesh":9,"minecraft:poppy":1,"minecraft:potato":1,"minecraft:shield":1,"minecraft:gunpowder":2,"minecraft:spruce_planks":128,"minecraft:iron_chestplate":1,"minecraft:andesite":10,"minecraft:oak_boat":3,"minecraft:arrow":96,"minecraft:bow":1,"minecraft:stone_pickaxe":12}},"DataVersion":3465}