{"stats":{"minecraft:dropped":{"minecraft:diamond_axe":1,"minecraft:cooked_beef":24,"minecraft:oak_log":65,"minecraft:baked_potato":52,"minecraft:diamond":1,"minecraft:lantern":25,"minecraft:cracked_stone_bricks":1,"minecraft:cobblestone_stairs":19,"minecraft:flint":8,"minecraft:emerald":43,"minecraft:dirt":89,"minecraft:iron_pickaxe":1,"minecraft:birch_log":82,"minecraft:bone":16,"minecraft:oak_door":1,"minecraft:gravel":22,"minecraft:sugar_cane":1,"minecraft:stone_axe":1,"minecraft:lever":1,"minecraft:cobbled_deepslate":30,"minecraft:wheat":219,"minecraft:beetroot":3,"minecraft:rotten_flesh":20,"minecraft:carrot":10,"minecraft:poppy":1,"minecraft:gunpowder":2,"minecraft:beetroot_seeds":11,"minecraft:quartz_block":11,"minecraft:arrow":106,"minecraft:egg":1,"minecraft:enchanted_book":6,"minecraft:golden_boots":1,"minecraft:purple_terracotta":36,"minecraft:wheat_seeds":125,"minecraft:diamond_leggings":1,"minecraft:poisonous_potato":1,"minecraft:iron_helmet":1,"minecraft:cobblestone":345,"minecraft:granite":20,"minecraft:grass_block":1,"minecraft:stick":37,"minecraft:diorite":86,"minecraft:torch":65,"minecraft:iron_leggings":1,"minecraft:iron_shovel":6,"minecraft:string":180,"minecraft:pumpkin_seeds":3,"minecraft:diamond_sword":1,"minecraft:potato":9,"minecraft:stone":26,"minecraft:shield":1,"minecraft:diamond_chestplate":1,"minecraft:spruce_planks":128,"minecraft:diamond_pickaxe":3,"minecraft:iron_chestplate":1,"minecraft:andesite":17,"minecraft:yellow_bed":1,"minecraft:oak_boat":3,"minecraft:spider_eye":2,"minecraft:spruce_log":163,"minecraft:bow":2,"minecraft:stone_pickaxe":12},"minecraft:broken":{"minecraft:stone_pickaxe":9,"minecraft:stone_axe":11,"minecraft:stone_shovel":6,"minecraft:diamond_hoe":1,"minecraft:stone_hoe":3,"minecraft:iron_axe":1},"minecraft:used":{"minecraft:beetroot":1,"minecraft:iron_shovel":260,"minecraft:dispenser":15,"minecraft:ladder":432,"minecraft:diamond_hoe":5252,"minecraft:chest":53,"minecraft:shield":30,"minecraft:white_terracotta":1,"minecraft:stone":32,"minecraft:quartz_stairs":27,"minecraft:bell":3,"minecraft:carrot":1171,"minecraft:tuff":27,"minecraft:snowball":20,"minecraft:obsidian":32,"minecraft:milk_bucket":3,"minecraft:lava_bucket":13,"minecraft:birch_sapling":59,"minecraft:quartz_block":1,"minecraft:repeater":72,"minecraft:bow":17,"minecraft:oak_sapling":432,"minecraft:furnace":6,"minecraft:beetroot_seeds":932,"minecraft:egg":1,"minecraft:potato":680,"minecraft:diorite":63,"minecraft:spruce_door":1,"minecraft:stone_pickaxe":1397,"minecraft:powered_rail":3,"minecraft:oak_planks":29,"minecraft:composter":14,"minecraft:sugar_cane":77,"minecraft:diamond_axe":4710,"minecraft:white_wool":5,"minecraft:black_bed":3,"minecraft:shears":5,"minecraft:pumpkin_seeds":57,"minecraft:redstone_torch":12,"minecraft:lever":6,"minecraft:string":2,"minecraft:bread":19,"minecraft:stone_button":5,"minecraft:lectern":72,"minecraft:deepslate":6,"minecraft:gravel":3,"minecraft:diamond_sword":2375,"minecraft:grindstone":2,"minecraft:smithing_table":5,"minecraft:birch_log":1,"minecraft:chest_minecart":2,"minecraft:oak_boat":21,"minecraft:bone_meal":6,"minecraft:oak_fence":31,"minecraft:oak_trapdoor":49,"minecraft:enchanting_table":1,"minecraft:flint_and_steel":3,"minecraft:stone_shovel":809,"minecraft:redstone":234,"minecraft:spruce_planks":292,"minecraft:cooked_salmon":9,"minecraft:stone_hoe":799,"minecraft:netherrack":71,"minecraft:oak_door":7,"minecraft:torch":1535,"minecraft:dirt":2517,"minecraft:anvil":1,"minecraft:hopper":64,"minecraft:granite":2,"minecraft:spruce_fence":28,"minecraft:oak_fence_gate":2,"minecraft:bookshelf":30,"minecraft:iron_axe":1578,"minecraft:tripwire_hook":2,"minecraft:golden_carrot":3,"minecraft:cooked_beef":117,"minecraft:cobbled_deepslate":103,"minecraft:pumpkin":2,"minecraft:wheat_seeds":2168,"minecraft:cooked_mutton":5,"minecraft:water_bucket":92,"minecraft:cobblestone_stairs":13,"minecraft:birch_planks":1,"minecraft:baked_potato":97,"minecraft:cobblestone_slab":96,"minecraft:fletching_table":4,"minecraft:stonecutter":2,"minecraft:spruce_fence_gate":50,"minecraft:rail":10,"minecraft:comparator":10,"minecraft:crafting_table":8,"minecraft:oak_slab":18,"minecraft:white_bed":22,"minecraft:spruce_log":9,"minecraft:oak_log":2,"minecraft:activator_rail":7,"minecraft:diamond_pickaxe":6108,"minecraft:diamond_shovel":1059,"minecraft:iron_pickaxe":75,"minecraft:stone_slab":4,"minecraft:spruce_sapling":177,"minecraft:stone_axe":1482,"minecraft:cobblestone":1563,"minecraft:bucket":124,"minecraft:yellow_bed":13},"minecraft:picked_up":{"minecraft:iron_chestplate":2,"minecraft:wheat":1755,"minecraft:smithing_table":5,"minecraft:lead":6,"minecraft:diamond_sword":2,"minecraft:amethyst_block":63,"minecraft:string":1220,"minecraft:raw_copper":74,"minecraft:cooked_salmon":2,"minecraft:iron_leggings":3,"minecraft:beetroot":1094,"minecraft:cobbled_deepslate":2129,"minecraft:diamond_leggings":1,"minecraft:smooth_stone":21,"minecraft:gold_nugget":18,"minecraft:comparator":10,"minecraft:bucket":2,"minecraft:spruce_planks":232,"minecraft:redstone_torch":9,"minecraft:cobblestone_slab":154,"minecraft:calcite":52,"minecraft:iron_pickaxe":4,"minecraft:furnace":1,"minecraft:golden_helmet":1,"minecraft:stick":677,"minecraft:composter":2,"minecraft:oak_fence":5,"minecraft:torch":741,"minecraft:pointed_dripstone":34,"minecraft:diorite":273,"minecraft:golden_chestplate":1,"minecraft:quartz_block":2,"minecraft:rotten_flesh":37,"minecraft:white_terracotta":93,"minecraft:obsidian":41,"minecraft:snowball":20,"minecraft:cobblestone":1800,"minecraft:birch_log":369,"minecraft:feather":1,"minecraft:cooked_beef":253,"minecraft:repeater":61,"minecraft:water_bucket":3,"minecraft:andesite":78,"minecraft:black_bed":3,"minecraft:potato":2160,"minecraft:flint":23,"minecraft:tuff":268,"minecraft:lapis_lazuli":403,"minecraft:dirt":3056,"minecraft:lantern":1,"minecraft:bone":44,"minecraft:bow":6,"minecraft:stonecutter":1,"minecraft:wheat_seeds":5417,"minecraft:raw_gold":91,"minecraft:bell":3,"minecraft:grindstone":1,"minecraft:fletching_table":2,"minecraft:diamond_helmet":1,"minecraft:stone_hoe":2,"minecraft:oak_planks":130,"minecraft:poisonous_potato":8,"minecraft:grass_block":1,"minecraft:spruce_fence_gate":22,"minecraft:diamond":64,"minecraft:deepslate":53,"minecraft:lever":6,"minecraft:granite":40,"minecraft:bone_meal":3,"minecraft:emerald":107,"minecraft:golden_horse_armor":1,"minecraft:bread":1,"minecraft:oak_sapling":379,"minecraft:netherrack":189,"minecraft:diamond_pickaxe":3,"minecraft:charcoal":110,"minecraft:crafting_table":3,"minecraft:azure_bluet":6,"minecraft:ladder":97,"minecraft:clay_ball":112,"minecraft:shield":5,"minecraft:cornflower":1,"minecraft:oak_trapdoor":12,"minecraft:iron_axe":5,"minecraft:iron_shovel":14,"minecraft:cracked_stone_bricks":2,"minecraft:beef":651,"minecraft:oak_boat":22,"minecraft:poppy":9,"minecraft:light_gray_wool":23,"minecraft:lectern":71,"minecraft:quartz_stairs":3,"minecraft:sugar_cane":999,"minecraft:chest":11,"minecraft:birch_sapling":59,"minecraft:phantom_membrane":7,"minecraft:egg":4,"minecraft:raw_iron":503,"minecraft:stone":1059,"minecraft:oak_door":4,"minecraft:stone_button":4,"minecraft:carrot":4278,"minecraft:redstone":735,"minecraft:purple_terracotta":2,"minecraft:arrow":97,"minecraft:stone_shovel":3,"minecraft:diamond_chestplate":2,"minecraft:beetroot_seeds":3023,"minecraft:peony":3,"minecraft:diamond_boots":1,"minecraft:saddle":2,"minecraft:white_wool":17,"minecraft:oxeye_daisy":4,"minecraft:basalt":4,"minecraft:golden_carrot":10,"minecraft:salmon":13,"minecraft:leather":438,"minecraft:oak_log":1686,"minecraft:golden_boots":3,"minecraft:yellow_bed":14,"minecraft:gunpowder":14,"minecraft:cobblestone_stairs":34,"minecraft:paper":21,"minecraft:white_banner":6,"minecraft:cooked_mutton":5,"minecraft:apple":44,"minecraft:iron_ingot":11,"minecraft:stone_pickaxe":30,"minecraft:book":12,"minecraft:oak_slab":10,"minecraft:smooth_basalt":15,"minecraft:pumpkin":736,"minecraft:quartz":35,"minecraft:dandelion":16,"minecraft:gravel":102,"minecraft:amethyst_shard":110,"minecraft:spruce_sapling":167,"minecraft:white_bed":23,"minecraft:spruce_log":1801,"minecraft:spruce_door":1,"minecraft:spider_eye":2,"minecraft:diamond_shovel":1,"minecraft:pumpkin_seeds":5,"minecraft:slime_ball":11,"minecraft:stone_axe":1,"minecraft:iron_helmet":3,"minecraft:diamond_axe":4,"minecraft:gray_wool":5,"minecraft:warped_roots":1,"minecraft:terracotta":2,"minecraft:baked_potato":117,"minecraft:black_wool":5,"minecraft:coal":1698,"minecraft:hopper":15,"minecraft:ender_pearl":3},"minecraft:crafted":{"minecraft:grindstone":1,"minecraft:smooth_stone":649,"minecraft:oak_planks":7472,"minecraft:cobblestone_slab":130,"minecraft:cobblestone_stairs":40,"minecraft:stone":691,"minecraft:lever":2,"minecraft:diamond_shovel":1,"minecraft:bookshelf":31,"minecraft:quartz_block":56,"minecraft:glass":47,"minecraft:hopper":67,"minecraft:diamond_helmet":1,"minecraft:repeater":15,"minecraft:diamond_leggings":2,"minecraft:bow":19,"minecraft:comparator":1,"minecraft:chest":110,"minecraft:chiseled_stone_bricks":44,"minecraft:rail":16,"minecraft:stone_hoe":5,"minecraft:oak_fence":45,"minecraft:name_tag":2,"minecraft:golden_boots":1,"minecraft:pumpkin":1,"minecraft:quartz_stairs":24,"minecraft:oak_slab":156,"minecraft:deepslate":117,"minecraft:emerald":1376,"minecraft:arrow":176,"minecraft:diamond_axe":6,"minecraft:crafting_table":10,"minecraft:spruce_planks":5436,"minecraft:baked_potato":150,"minecraft:chest_minecart":1,"minecraft:smithing_table":1,"minecraft:fletching_table":2,"minecraft:birch_planks":940,"minecraft:pumpkin_seeds":100,"minecraft:dispenser":16,"minecraft:spruce_trapdoor":84,"minecraft:lectern":1,"minecraft:book":401,"minecraft:diamond_pickaxe":7,"minecraft:paper":1203,"minecraft:charcoal":60,"minecraft:shield":3,"minecraft:stick":24129,"minecraft:stone_slab":6,"minecraft:iron_ingot":429,"minecraft:iron_pickaxe":1,"minecraft:iron_block":26,"minecraft:gold_ingot":105,"minecraft:black_bed":1,"minecraft:redstone_torch":37,"minecraft:composter":13,"minecraft:spruce_fence_gate":42,"minecraft:shears":1,"minecraft:oak_door":6,"minecraft:stone_shovel":7,"minecraft:coal":207,"minecraft:tripwire_hook":2,"minecraft:diamond_hoe":3,"minecraft:furnace":5,"minecraft:stone_button":2,"minecraft:bone_meal":3,"minecraft:oak_trapdoor":144,"minecraft:flint_and_steel":1,"minecraft:lantern":185,"minecraft:polished_diorite":16,"minecraft:iron_axe":14,"minecraft:ladder":474,"minecraft:stone_pickaxe":48,"minecraft:diamond_boots":1,"minecraft:redstone_block":116,"minecraft:minecart":1,"minecraft:cooked_beef":57,"minecraft:coal_block":112,"minecraft:purple_terracotta":89,"minecraft:diamond_sword":2,"minecraft:enchanting_table":1,"minecraft:powered_rail":24,"minecraft:activator_rail":6,"minecraft:cooked_salmon":7,"minecraft:bucket":18,"minecraft:stone_axe":33,"minecraft:enchanted_book":25,"minecraft:bread":18,"minecraft:air":0,"minecraft:oak_fence_gate":2,"minecraft:oak_boat":5,"minecraft:iron_shovel":7,"minecraft:anvil":1,"minecraft:stonecutter":1,"minecraft:torch":1316,"minecraft:lapis_lazuli":36,"minecraft:lapis_block":41,"minecraft:diamond_chestplate":1},"minecraft:custom":{"minecraft:animals_bred":586,"minecraft:interact_with_crafting_table":289,"minecraft:open_barrel":1,"minecraft:bell_ring":1,"minecraft:leave_game":20,"minecraft:time_since_death":1023043,"minecraft:sprint_one_cm":5508867,"minecraft:damage_blocked_by_shield":1770,"minecraft:drop":224,"minecraft:talked_to_villager":640,"minecraft:play_time":1911690,"minecraft:deaths":5,"minecraft:jump":16283,"minecraft:walk_on_water_one_cm":82496,"minecraft:enchant_item":8,"minecraft:interact_with_furnace":403,"minecraft:traded_with_villager":1874,"minecraft:sleep_in_bed":85,"minecraft:damage_dealt":50876,"minecraft:crouch_one_cm":193176,"minecraft:interact_with_smoker":1,"minecraft:inspect_dispenser":95,"minecraft:interact_with_anvil":31,"minecraft:mob_kills":671,"minecraft:inspect_hopper":23,"minecraft:climb_one_cm":153806,"minecraft:walk_one_cm":7870073,"minecraft:sneak_time":52307,"minecraft:walk_under_water_one_cm":54098,"minecraft:boat_one_cm":121680,"minecraft:total_world_time":1911690,"minecraft:raid_trigger":1,"minecraft:interact_with_stonecutter":6,"minecraft:time_since_rest":64659,"minecraft:damage_taken":10445,"minecraft:swim_one_cm":138640,"minecraft:fly_one_cm":3145130,"minecraft:open_chest":1338,"minecraft:fall_one_cm":238877},"minecraft:killed_by":{"minecraft:creeper":1,"minecraft:vindicator":1},"minecraft:mined":{"minecraft:spruce_planks":12,"minecraft:white_bed":21,"minecraft:oak_sapling":29,"minecraft:farmland":29,"minecraft:cobblestone_stairs":6,"minecraft:sculk_vein":2,"minecraft:obsidian":41,"minecraft:granite":27,"minecraft:budding_amethyst":8,"minecraft:grass_block":1056,"minecraft:composter":2,"minecraft:hopper":15,"minecraft:oxeye_daisy":1,"minecraft:smooth_stone":15,"minecraft:magma_block":7,"minecraft:iron_ore":175,"minecraft:cobbled_deepslate":48,"minecraft:fire":59,"minecraft:pumpkin":736,"minecraft:deepslate_lapis_ore":19,"minecraft:fletching_table":2,"minecraft:pointed_dripstone":13,"minecraft:dirt_path":9,"minecraft:deepslate_redstone_ore":80,"minecraft:quartz_block":2,"minecraft:amethyst_cluster":13,"minecraft:powder_snow":24,"minecraft:clay":27,"minecraft:torch":105,"minecraft:calcite":53,"minecraft:chest":10,"minecraft:glass":1,"minecraft:nether_quartz_ore":12,"minecraft:cobblestone":627,"minecraft:grindstone":1,"minecraft:oak_planks":20,"minecraft:sugar_cane":706,"minecraft:wall_torch":100,"minecraft:amethyst_block":46,"minecraft:birch_sapling":11,"minecraft:white_terracotta":104,"minecraft:repeater":61,"minecraft:warped_nylium":3,"minecraft:birch_log":362,"minecraft:wheat":1880,"minecraft:activator_rail":7,"minecraft:black_bed":3,"minecraft:grass":129,"minecraft:oak_log":1592,"minecraft:beetroots":1145,"minecraft:dirt":934,"minecraft:smooth_basalt":15,"minecraft:stonecutter":1,"minecraft:netherrack":151,"minecraft:oak_leaves":4418,"minecraft:deepslate":2137,"minecraft:infested_deepslate":1,"minecraft:tuff":265,"minecraft:quartz_stairs":3,"minecraft:deepslate_diamond_ore":36,"minecraft:oak_door":2,"minecraft:lever":5,"minecraft:ladder":47,"minecraft:purple_terracotta":2,"minecraft:stone_button":3,"minecraft:redstone_wire":196,"minecraft:spruce_leaves":812,"minecraft:redstone_ore":5,"minecraft:oak_trapdoor":12,"minecraft:spruce_sapling":30,"minecraft:furnace":1,"minecraft:carrots":1283,"minecraft:andesite":25,"minecraft:peony":2,"minecraft:bookshelf":4,"minecraft:potatoes":688,"minecraft:cobblestone_slab":50,"minecraft:deepslate_iron_ore":54,"minecraft:rail":1,"minecraft:stone":2337,"minecraft:white_wool":5,"minecraft:podzol":125,"minecraft:smithing_table":5,"minecraft:oak_slab":12,"minecraft:comparator":10,"minecraft:basalt":4,"minecraft:dandelion":4,"minecraft:spruce_door":1,"minecraft:oak_fence":5,"minecraft:crafting_table":3,"minecraft:cornflower":1,"minecraft:emerald_ore":3,"minecraft:sculk_sensor":2,"minecraft:lectern":71,"minecraft:copper_ore":4,"minecraft:tall_grass":28,"minecraft:lapis_ore":7,"minecraft:deepslate_gold_ore":39,"minecraft:sculk":3,"minecraft:diorite":76,"minecraft:redstone_torch":9,"minecraft:spruce_log":1543,"minecraft:birch_leaves":520,"minecraft:yellow_bed":14,"minecraft:coal_ore":770,"minecraft:gravel":122,"minecraft:cracked_stone_bricks":1,"minecraft:terracotta":2,"minecraft:spruce_fence_gate":25,"minecraft:gold_ore":7,"minecraft:fern":1},"minecraft:killed":{"minecraft:witch":1,"minecraft:spider":13,"minecraft:skeleton":32,"minecraft:silverfish":1,"minecraft:piglin":6,"minecraft:salmon":14,"minecraft:creeper":12,"minecraft:trader_llama":4,"minecraft:pillager":8,"minecraft:zombie":77,"minecraft:cow":417,"minecraft:vindicator":1,"minecraft:slime":17,"minecraft:phantom":11,"minecraft:drowned":1,"minecraft:wandering_trader":1,"minecraft:ravager":1,"minecraft:enderman":3}},"DataVersion":3465}