{"stats":{"minecraft:broken":{"minecraft:stone_pickaxe":2,"minecraft:stone_axe":1,"minecraft:stone_shovel":2},"minecraft:custom":{"minecraft:interact_with_furnace":41,"minecraft:mob_kills":1,"minecraft:interact_with_crafting_table":17,"minecraft:leave_game":2,"minecraft:time_since_death":91728,"minecraft:sleep_in_bed":6,"minecraft:time_since_rest":10524,"minecraft:sprint_one_cm":242404,"minecraft:damage_taken":475,"minecraft:walk_one_cm":379500,"minecraft:drop":6,"minecraft:damage_dealt":339,"minecraft:talked_to_villager":9,"minecraft:fly_one_cm":137759,"minecraft:open_chest":28,"minecraft:crouch_one_cm":4485,"minecraft:play_time":97750,"minecraft:deaths":1,"minecraft:sneak_time":1348,"minecraft:boat_one_cm":72090,"minecraft:jump":745,"minecraft:walk_on_water_one_cm":61,"minecraft:total_world_time":97750,"minecraft:fall_one_cm":17979},"minecraft:mined":{"minecraft:white_bed":2,"minecraft:oak_door":2,"minecraft:powder_snow":13,"minecraft:torch":12,"minecraft:stone_button":1,"minecraft:grass_block":208,"minecraft:lectern":1,"minecraft:cobblestone":45,"minecraft:tall_grass":3,"minecraft:spruce_leaves":2,"minecraft:composter":1,"minecraft:wall_torch":6,"minecraft:birch_sapling":2,"minecraft:birch_log":31,"minecraft:wheat":29,"minecraft:spruce_log":1,"minecraft:birch_leaves":4,"minecraft:yellow_bed":4,"minecraft:grass":7,"minecraft:bookshelf":4,"minecraft:oak_log":67,"minecraft:coal_ore":54,"minecraft:cobblestone_slab":10,"minecraft:dirt_path":1,"minecraft:dirt":186,"minecraft:stone":243,"minecraft:oak_leaves":37},"minecraft:picked_up":{"minecraft:birch_log":31,"minecraft:wheat":28,"minecraft:oak_log":73,"minecraft:yellow_bed":4,"minecraft:gunpowder":1,"minecraft:dirt":427,"minecraft:cooked_mutton":5,"minecraft:apple":3,"minecraft:wheat_seeds":93,"minecraft:stone_pickaxe":1,"minecraft:cobblestone_slab":11,"minecraft:oak_boat":11,"minecraft:lectern":1,"minecraft:birch_sapling":7,"minecraft:book":12,"minecraft:stick":18,"minecraft:oak_door":3,"minecraft:composter":1,"minecraft:torch":23,"minecraft:dandelion":1,"minecraft:stone_button":1,"minecraft:spruce_sapling":1,"minecraft:white_bed":2,"minecraft:spruce_log":1,"minecraft:rotten_flesh":4,"minecraft:oak_sapling":36,"minecraft:coal":57,"minecraft:cobblestone":266},"minecraft:used":{"minecraft:wheat_seeds":2,"minecraft:cooked_mutton":5,"minecraft:cobblestone_stairs":13,"minecraft:stone_shovel":377,"minecraft:stone_pickaxe":366,"minecraft:cobblestone_slab":51,"minecraft:oak_door":4,"minecraft:torch":74,"minecraft:dirt":410,"minecraft:white_bed":1,"minecraft:bread":5,"minecraft:birch_sapling":7,"minecraft:stone_button":2,"minecraft:spruce_sapling":1,"minecraft:stone_axe":194,"minecraft:cobblestone":214,"minecraft:furnace":2,"minecraft:oak_sapling":36,"minecraft:yellow_bed":1,"minecraft:oak_boat":13},"minecraft:killed":{"minecraft:creeper":1},"minecraft:crafted":{"minecraft:oak_door":3,"minecraft:smooth_stone":290,"minecraft:oak_planks":32,"minecraft:cobblestone_slab":126,"minecraft:stone_shovel":6,"minecraft:furnace":2,"minecraft:stone_button":1,"minecraft:cobblestone_stairs":40,"minecraft:stone":411,"minecraft:stone_axe":3,"minecraft:bread":8,"minecraft:air":0,"minecraft:oak_boat":5,"minecraft:stick":4,"minecraft:stone_pickaxe":2,"minecraft:torch":64,"minecraft:stone_hoe":1},"minecraft:dropped":{"minecraft:oak_door":1,"minecraft:rotten_flesh":4,"minecraft:oak_boat":3}},"DataVersion":3465}