{"stats":{"minecraft:crafted":{"minecraft:smooth_stone":649,"minecraft:oak_planks":6128,"minecraft:cobblestone_slab":130,"minecraft:stone":691,"minecraft:cobblestone_stairs":40,"minecraft:lever":2,"minecraft:diamond_shovel":1,"minecraft:bookshelf":19,"minecraft:quartz_block":56,"minecraft:glass":43,"minecraft:hopper":26,"minecraft:diamond_helmet":1,"minecraft:repeater":15,"minecraft:bow":19,"minecraft:diamond_leggings":2,"minecraft:comparator":1,"minecraft:chest":56,"minecraft:chiseled_stone_bricks":44,"minecraft:stone_hoe":5,"minecraft:oak_fence":45,"minecraft:golden_boots":1,"minecraft:pumpkin":1,"minecraft:quartz_stairs":24,"minecraft:oak_slab":6,"minecraft:deepslate":117,"minecraft:emerald":1002,"minecraft:arrow":176,"minecraft:diamond_axe":6,"minecraft:crafting_table":8,"minecraft:spruce_planks":4356,"minecraft:baked_potato":150,"minecraft:smithing_table":1,"minecraft:fletching_table":2,"minecraft:birch_planks":940,"minecraft:pumpkin_seeds":100,"minecraft:dispenser":16,"minecraft:lectern":1,"minecraft:diamond_pickaxe":7,"minecraft:book":141,"minecraft:paper":438,"minecraft:charcoal":60,"minecraft:shield":3,"minecraft:stick":21686,"minecraft:iron_ingot":82,"minecraft:iron_pickaxe":1,"minecraft:iron_block":10,"minecraft:gold_ingot":19,"minecraft:redstone_torch":34,"minecraft:spruce_fence_gate":42,"minecraft:shears":1,"minecraft:oak_door":6,"minecraft:stone_shovel":7,"minecraft:tripwire_hook":2,"minecraft:diamond_hoe":3,"minecraft:furnace":5,"minecraft:stone_button":2,"minecraft:bone_meal":3,"minecraft:oak_trapdoor":28,"minecraft:flint_and_steel":1,"minecraft:lantern":77,"minecraft:polished_diorite":16,"minecraft:iron_axe":2,"minecraft:ladder":405,"minecraft:stone_pickaxe":48,"minecraft:diamond_boots":1,"minecraft:redstone_block":94,"minecraft:cooked_beef":57,"minecraft:coal_block":48,"minecraft:purple_terracotta":89,"minecraft:diamond_sword":2,"minecraft:enchanting_table":1,"minecraft:cooked_salmon":7,"minecraft:bucket":17,"minecraft:stone_axe":33,"minecraft:enchanted_book":15,"minecraft:bread":18,"minecraft:air":0,"minecraft:oak_fence_gate":2,"minecraft:oak_boat":5,"minecraft:iron_shovel":7,"minecraft:anvil":1,"minecraft:stonecutter":1,"minecraft:torch":752,"minecraft:lapis_lazuli":36,"minecraft:lapis_block":41,"minecraft:diamond_chestplate":1},"minecraft:killed_by":{"minecraft:creeper":1,"minecraft:vindicator":1},"minecraft:dropped":{"minecraft:diamond_axe":1,"minecraft:cooked_beef":24,"minecraft:oak_log":1,"minecraft:baked_potato":52,"minecraft:diamond":1,"minecraft:lantern":25,"minecraft:cracked_stone_bricks":1,"minecraft:flint":7,"minecraft:emerald":43,"minecraft:dirt":61,"minecraft:iron_pickaxe":1,"minecraft:birch_log":82,"minecraft:bone":6,"minecraft:oak_door":1,"minecraft:gravel":19,"minecraft:stone_axe":1,"minecraft:lever":1,"minecraft:cobbled_deepslate":10,"minecraft:wheat":219,"minecraft:beetroot":3,"minecraft:rotten_flesh":13,"minecraft:carrot":9,"minecraft:poppy":1,"minecraft:gunpowder":2,"minecraft:beetroot_seeds":11,"minecraft:quartz_block":11,"minecraft:arrow":106,"minecraft:enchanted_book":4,"minecraft:golden_boots":1,"minecraft:purple_terracotta":36,"minecraft:wheat_seeds":10,"minecraft:diamond_leggings":1,"minecraft:poisonous_potato":1,"minecraft:iron_helmet":1,"minecraft:cobblestone":44,"minecraft:granite":20,"minecraft:stick":37,"minecraft:diorite":86,"minecraft:torch":65,"minecraft:iron_leggings":1,"minecraft:iron_shovel":6,"minecraft:string":2,"minecraft:pumpkin_seeds":3,"minecraft:diamond_sword":1,"minecraft:potato":9,"minecraft:shield":1,"minecraft:spruce_planks":128,"minecraft:diamond_pickaxe":3,"minecraft:iron_chestplate":1,"minecraft:andesite":15,"minecraft:yellow_bed":1,"minecraft:oak_boat":3,"minecraft:spider_eye":2,"minecraft:spruce_log":163,"minecraft:bow":2,"minecraft:stone_pickaxe":12},"minecraft:picked_up":{"minecraft:iron_chestplate":2,"minecraft:wheat":1351,"minecraft:smithing_table":4,"minecraft:lead":6,"minecraft:diamond_sword":1,"minecraft:amethyst_block":63,"minecraft:string":1089,"minecraft:raw_copper":49,"minecraft:cooked_salmon":2,"minecraft:iron_leggings":3,"minecraft:beetroot":730,"minecraft:cobbled_deepslate":2105,"minecraft:diamond_leggings":1,"minecraft:smooth_stone":21,"minecraft:gold_nugget":18,"minecraft:comparator":10,"minecraft:bucket":2,"minecraft:spruce_planks":231,"minecraft:redstone_torch":9,"minecraft:cobblestone_slab":152,"minecraft:calcite":52,"minecraft:iron_pickaxe":4,"minecraft:furnace":1,"minecraft:golden_helmet":1,"minecraft:stick":668,"minecraft:composter":2,"minecraft:oak_fence":5,"minecraft:torch":629,"minecraft:diorite":271,"minecraft:golden_chestplate":1,"minecraft:rotten_flesh":30,"minecraft:white_terracotta":93,"minecraft:obsidian":22,"minecraft:snowball":20,"minecraft:cobblestone":1338,"minecraft:birch_log":369,"minecraft:cooked_beef":248,"minecraft:feather":1,"minecraft:repeater":61,"minecraft:water_bucket":3,"minecraft:andesite":76,"minecraft:potato":2160,"minecraft:flint":22,"minecraft:tuff":268,"minecraft:lantern":1,"minecraft:lapis_lazuli":285,"minecraft:dirt":2780,"minecraft:bone":34,"minecraft:stonecutter":1,"minecraft:bow":6,"minecraft:wheat_seeds":4010,"minecraft:raw_gold":55,"minecraft:bell":3,"minecraft:fletching_table":2,"minecraft:diamond_helmet":1,"minecraft:stone_hoe":2,"minecraft:oak_planks":110,"minecraft:poisonous_potato":8,"minecraft:spruce_fence_gate":22,"minecraft:diamond":64,"minecraft:deepslate":53,"minecraft:lever":6,"minecraft:granite":40,"minecraft:bone_meal":3,"minecraft:emerald":104,"minecraft:golden_horse_armor":1,"minecraft:bread":1,"minecraft:oak_sapling":362,"minecraft:netherrack":189,"minecraft:diamond_pickaxe":2,"minecraft:charcoal":110,"minecraft:crafting_table":1,"minecraft:azure_bluet":6,"minecraft:ladder":91,"minecraft:clay_ball":112,"minecraft:shield":5,"minecraft:cornflower":1,"minecraft:oak_trapdoor":10,"minecraft:iron_axe":5,"minecraft:iron_shovel":14,"minecraft:cracked_stone_bricks":2,"minecraft:beef":651,"minecraft:oak_boat":22,"minecraft:poppy":9,"minecraft:lectern":71,"minecraft:quartz_stairs":3,"minecraft:sugar_cane":640,"minecraft:chest":4,"minecraft:birch_sapling":59,"minecraft:egg":2,"minecraft:raw_iron":235,"minecraft:stone":1019,"minecraft:oak_door":4,"minecraft:stone_button":2,"minecraft:carrot":3288,"minecraft:redstone":591,"minecraft:purple_terracotta":1,"minecraft:stone_shovel":3,"minecraft:arrow":93,"minecraft:diamond_chestplate":1,"minecraft:beetroot_seeds":2033,"minecraft:peony":3,"minecraft:diamond_boots":1,"minecraft:saddle":2,"minecraft:white_wool":10,"minecraft:oxeye_daisy":4,"minecraft:basalt":4,"minecraft:golden_carrot":10,"minecraft:salmon":13,"minecraft:leather":438,"minecraft:oak_log":1610,"minecraft:golden_boots":3,"minecraft:yellow_bed":14,"minecraft:gunpowder":9,"minecraft:cobblestone_stairs":28,"minecraft:paper":21,"minecraft:white_banner":6,"minecraft:cooked_mutton":5,"minecraft:apple":44,"minecraft:iron_ingot":11,"minecraft:stone_pickaxe":30,"minecraft:book":12,"minecraft:smooth_basalt":15,"minecraft:pumpkin":515,"minecraft:quartz":35,"minecraft:dandelion":16,"minecraft:gravel":99,"minecraft:amethyst_shard":110,"minecraft:spruce_sapling":161,"minecraft:white_bed":22,"minecraft:spruce_log":1779,"minecraft:spruce_door":1,"minecraft:spider_eye":2,"minecraft:pumpkin_seeds":5,"minecraft:stone_axe":1,"minecraft:iron_helmet":3,"minecraft:diamond_axe":3,"minecraft:warped_roots":1,"minecraft:terracotta":2,"minecraft:baked_potato":117,"minecraft:black_wool":2,"minecraft:coal":887,"minecraft:hopper":1,"minecraft:ender_pearl":3},"minecraft:used":{"minecraft:beetroot":1,"minecraft:iron_shovel":260,"minecraft:dispenser":15,"minecraft:ladder":324,"minecraft:diamond_hoe":4782,"minecraft:chest":34,"minecraft:shield":30,"minecraft:white_terracotta":1,"minecraft:stone":4,"minecraft:quartz_stairs":27,"minecraft:bell":3,"minecraft:carrot":1171,"minecraft:tuff":27,"minecraft:snowball":20,"minecraft:obsidian":16,"minecraft:milk_bucket":3,"minecraft:lava_bucket":12,"minecraft:birch_sapling":53,"minecraft:repeater":69,"minecraft:bow":17,"minecraft:oak_sapling":310,"minecraft:furnace":6,"minecraft:beetroot_seeds":932,"minecraft:potato":680,"minecraft:diorite":63,"minecraft:spruce_door":1,"minecraft:stone_pickaxe":1397,"minecraft:composter":2,"minecraft:sugar_cane":77,"minecraft:diamond_axe":4338,"minecraft:white_wool":5,"minecraft:shears":5,"minecraft:pumpkin_seeds":57,"minecraft:redstone_torch":9,"minecraft:lever":6,"minecraft:string":2,"minecraft:bread":19,"minecraft:stone_button":4,"minecraft:lectern":72,"minecraft:deepslate":6,"minecraft:gravel":3,"minecraft:diamond_sword":1306,"minecraft:smithing_table":5,"minecraft:birch_log":1,"minecraft:oak_boat":21,"minecraft:bone_meal":6,"minecraft:oak_fence":31,"minecraft:oak_trapdoor":35,"minecraft:enchanting_table":1,"minecraft:flint_and_steel":1,"minecraft:stone_shovel":809,"minecraft:redstone":210,"minecraft:spruce_planks":291,"minecraft:cooked_salmon":9,"minecraft:stone_hoe":799,"minecraft:netherrack":71,"minecraft:oak_door":7,"minecraft:torch":873,"minecraft:dirt":2250,"minecraft:anvil":1,"minecraft:hopper":12,"minecraft:granite":2,"minecraft:spruce_fence":28,"minecraft:oak_fence_gate":2,"minecraft:bookshelf":18,"minecraft:iron_axe":1578,"minecraft:tripwire_hook":2,"minecraft:golden_carrot":3,"minecraft:cooked_beef":63,"minecraft:cobbled_deepslate":103,"minecraft:pumpkin":2,"minecraft:wheat_seeds":1603,"minecraft:cooked_mutton":5,"minecraft:water_bucket":67,"minecraft:cobblestone_stairs":13,"minecraft:birch_planks":1,"minecraft:baked_potato":97,"minecraft:fletching_table":4,"minecraft:spruce_fence_gate":50,"minecraft:stonecutter":2,"minecraft:cobblestone_slab":94,"minecraft:comparator":10,"minecraft:crafting_table":5,"minecraft:white_bed":21,"minecraft:spruce_log":9,"minecraft:oak_log":1,"minecraft:diamond_pickaxe":4881,"minecraft:diamond_shovel":747,"minecraft:iron_pickaxe":75,"minecraft:spruce_sapling":153,"minecraft:stone_axe":1482,"minecraft:cobblestone":878,"minecraft:bucket":99,"minecraft:yellow_bed":13},"minecraft:killed":{"minecraft:spider":7,"minecraft:skeleton":14,"minecraft:piglin":6,"minecraft:salmon":14,"minecraft:creeper":10,"minecraft:trader_llama":4,"minecraft:pillager":8,"minecraft:zombie":43,"minecraft:cow":417,"minecraft:vindicator":1,"minecraft:wandering_trader":1,"minecraft:ravager":1,"minecraft:enderman":2},"minecraft:broken":{"minecraft:stone_pickaxe":9,"minecraft:stone_axe":11,"minecraft:stone_shovel":6,"minecraft:diamond_hoe":1,"minecraft:stone_hoe":3,"minecraft:iron_axe":1},"minecraft:mined":{"minecraft:spruce_planks":11,"minecraft:white_bed":20,"minecraft:oak_sapling":14,"minecraft:farmland":29,"minecraft:sculk_vein":2,"minecraft:obsidian":22,"minecraft:granite":17,"minecraft:budding_amethyst":8,"minecraft:grass_block":1043,"minecraft:composter":2,"minecraft:hopper":1,"minecraft:oxeye_daisy":1,"minecraft:smooth_stone":15,"minecraft:magma_block":7,"minecraft:iron_ore":92,"minecraft:cobbled_deepslate":46,"minecraft:fire":44,"minecraft:pumpkin":513,"minecraft:fletching_table":2,"minecraft:deepslate_lapis_ore":15,"minecraft:dirt_path":2,"minecraft:deepslate_redstone_ore":63,"minecraft:amethyst_cluster":13,"minecraft:powder_snow":24,"minecraft:clay":27,"minecraft:torch":73,"minecraft:calcite":53,"minecraft:chest":3,"minecraft:nether_quartz_ore":12,"minecraft:glass":1,"minecraft:cobblestone":535,"minecraft:sugar_cane":478,"minecraft:wall_torch":65,"minecraft:amethyst_block":46,"minecraft:birch_sapling":11,"minecraft:white_terracotta":104,"minecraft:warped_nylium":3,"minecraft:repeater":61,"minecraft:birch_log":362,"minecraft:wheat":1476,"minecraft:grass":126,"minecraft:oak_log":1579,"minecraft:beetroots":782,"minecraft:dirt":822,"minecraft:smooth_basalt":15,"minecraft:stonecutter":1,"minecraft:netherrack":151,"minecraft:oak_leaves":4395,"minecraft:deepslate":2112,"minecraft:tuff":265,"minecraft:quartz_stairs":3,"minecraft:deepslate_diamond_ore":36,"minecraft:oak_door":2,"minecraft:lever":5,"minecraft:ladder":41,"minecraft:purple_terracotta":1,"minecraft:stone_button":2,"minecraft:redstone_wire":175,"minecraft:spruce_leaves":812,"minecraft:oak_trapdoor":10,"minecraft:spruce_sapling":29,"minecraft:furnace":1,"minecraft:carrots":1016,"minecraft:andesite":16,"minecraft:peony":2,"minecraft:bookshelf":4,"minecraft:potatoes":688,"minecraft:deepslate_iron_ore":22,"minecraft:cobblestone_slab":47,"minecraft:stone":1867,"minecraft:white_wool":5,"minecraft:smithing_table":4,"minecraft:comparator":10,"minecraft:basalt":4,"minecraft:dandelion":4,"minecraft:spruce_door":1,"minecraft:oak_fence":5,"minecraft:crafting_table":1,"minecraft:cornflower":1,"minecraft:sculk_sensor":2,"minecraft:lectern":71,"minecraft:tall_grass":25,"minecraft:lapis_ore":2,"minecraft:deepslate_gold_ore":27,"minecraft:sculk":3,"minecraft:diorite":70,"minecraft:redstone_torch":9,"minecraft:spruce_log":1540,"minecraft:birch_leaves":520,"minecraft:yellow_bed":14,"minecraft:coal_ore":399,"minecraft:gravel":104,"minecraft:cracked_stone_bricks":1,"minecraft:terracotta":2,"minecraft:spruce_fence_gate":25,"minecraft:gold_ore":7,"minecraft:fern":1},"minecraft:custom":{"minecraft:animals_bred":518,"minecraft:interact_with_crafting_table":218,"minecraft:open_barrel":1,"minecraft:bell_ring":1,"minecraft:leave_game":13,"minecraft:time_since_death":624010,"minecraft:sprint_one_cm":4195271,"minecraft:damage_blocked_by_shield":1770,"minecraft:drop":149,"minecraft:talked_to_villager":506,"minecraft:play_time":1512657,"minecraft:deaths":5,"minecraft:jump":12107,"minecraft:walk_on_water_one_cm":64339,"minecraft:enchant_item":8,"minecraft:interact_with_furnace":325,"minecraft:traded_with_villager":1367,"minecraft:sleep_in_bed":77,"minecraft:damage_dealt":36248,"minecraft:crouch_one_cm":135416,"minecraft:interact_with_smoker":1,"minecraft:inspect_dispenser":95,"minecraft:interact_with_anvil":15,"minecraft:mob_kills":569,"minecraft:climb_one_cm":129230,"minecraft:walk_one_cm":6190878,"minecraft:sneak_time":35404,"minecraft:walk_under_water_one_cm":36855,"minecraft:boat_one_cm":121680,"minecraft:total_world_time":1512657,"minecraft:raid_trigger":1,"minecraft:interact_with_stonecutter":6,"minecraft:time_since_rest":35453,"minecraft:damage_taken":7982,"minecraft:swim_one_cm":98277,"minecraft:fly_one_cm":2324025,"minecraft:open_chest":845,"minecraft:fall_one_cm":185381}},"DataVersion":3465}