{"stats":{"minecraft:used":{"minecraft:beetroot":1,"minecraft:iron_shovel":260,"minecraft:diamond_hoe":163,"minecraft:ladder":312,"minecraft:chest":26,"minecraft:shield":24,"minecraft:white_terracotta":1,"minecraft:stone":4,"minecraft:bell":3,"minecraft:carrot":860,"minecraft:tuff":27,"minecraft:snowball":20,"minecraft:milk_bucket":3,"minecraft:lava_bucket":12,"minecraft:birch_sapling":35,"minecraft:bow":17,"minecraft:furnace":6,"minecraft:oak_sapling":194,"minecraft:beetroot_seeds":621,"minecraft:potato":680,"minecraft:diorite":63,"minecraft:spruce_door":1,"minecraft:stone_pickaxe":1397,"minecraft:composter":2,"minecraft:diamond_axe":2857,"minecraft:sugar_cane":18,"minecraft:pumpkin_seeds":19,"minecraft:bread":19,"minecraft:stone_button":2,"minecraft:lectern":34,"minecraft:deepslate":1,"minecraft:gravel":3,"minecraft:diamond_sword":660,"minecraft:smithing_table":5,"minecraft:birch_log":1,"minecraft:oak_boat":21,"minecraft:bone_meal":6,"minecraft:oak_fence":16,"minecraft:oak_trapdoor":31,"minecraft:enchanting_table":1,"minecraft:stone_shovel":809,"minecraft:spruce_planks":291,"minecraft:cooked_salmon":9,"minecraft:stone_hoe":799,"minecraft:oak_door":7,"minecraft:torch":789,"minecraft:dirt":1061,"minecraft:anvil":1,"minecraft:hopper":6,"minecraft:granite":2,"minecraft:oak_fence_gate":2,"minecraft:bookshelf":18,"minecraft:iron_axe":1578,"minecraft:golden_carrot":3,"minecraft:cooked_beef":8,"minecraft:cobbled_deepslate":52,"minecraft:pumpkin":2,"minecraft:wheat_seeds":1444,"minecraft:cooked_mutton":5,"minecraft:water_bucket":32,"minecraft:cobblestone_stairs":13,"minecraft:birch_planks":1,"minecraft:baked_potato":97,"minecraft:fletching_table":4,"minecraft:stonecutter":2,"minecraft:cobblestone_slab":93,"minecraft:spruce_fence_gate":45,"minecraft:crafting_table":4,"minecraft:white_bed":15,"minecraft:spruce_log":9,"minecraft:oak_log":1,"minecraft:diamond_pickaxe":3358,"minecraft:iron_pickaxe":75,"minecraft:spruce_sapling":110,"minecraft:stone_axe":1482,"minecraft:cobblestone":714,"minecraft:bucket":45,"minecraft:yellow_bed":13},"minecraft:killed":{"minecraft:spider":5,"minecraft:skeleton":8,"minecraft:salmon":14,"minecraft:creeper":7,"minecraft:trader_llama":4,"minecraft:pillager":8,"minecraft:zombie":33,"minecraft:cow":2,"minecraft:vindicator":1,"minecraft:wandering_trader":1,"minecraft:ravager":1,"minecraft:enderman":1},"minecraft:custom":{"minecraft:animals_bred":194,"minecraft:interact_with_crafting_table":136,"minecraft:open_barrel":1,"minecraft:bell_ring":1,"minecraft:leave_game":5,"minecraft:time_since_death":111768,"minecraft:sprint_one_cm":2747419,"minecraft:damage_blocked_by_shield":1470,"minecraft:drop":117,"minecraft:talked_to_villager":336,"minecraft:play_time":1000415,"minecraft:deaths":5,"minecraft:jump":7920,"minecraft:walk_on_water_one_cm":34705,"minecraft:enchant_item":1,"minecraft:interact_with_furnace":295,"minecraft:traded_with_villager":831,"minecraft:sleep_in_bed":57,"minecraft:damage_dealt":15673,"minecraft:crouch_one_cm":48992,"minecraft:interact_with_smoker":1,"minecraft:mob_kills":85,"minecraft:interact_with_anvil":3,"minecraft:climb_one_cm":107598,"minecraft:walk_one_cm":4010290,"minecraft:sneak_time":20025,"minecraft:walk_under_water_one_cm":19062,"minecraft:boat_one_cm":121680,"minecraft:total_world_time":1000415,"minecraft:raid_trigger":1,"minecraft:interact_with_stonecutter":4,"minecraft:time_since_rest":3557,"minecraft:damage_taken":5517,"minecraft:swim_one_cm":60803,"minecraft:fly_one_cm":1469214,"minecraft:open_chest":509,"minecraft:fall_one_cm":125784},"minecraft:mined":{"minecraft:spruce_planks":11,"minecraft:white_bed":15,"minecraft:oak_sapling":8,"minecraft:farmland":2,"minecraft:sculk_vein":2,"minecraft:obsidian":4,"minecraft:granite":17,"minecraft:budding_amethyst":8,"minecraft:grass_block":771,"minecraft:hopper":1,"minecraft:composter":2,"minecraft:oxeye_daisy":1,"minecraft:smooth_stone":15,"minecraft:magma_block":7,"minecraft:iron_ore":92,"minecraft:cobbled_deepslate":16,"minecraft:pumpkin":256,"minecraft:deepslate_lapis_ore":15,"minecraft:fletching_table":2,"minecraft:dirt_path":2,"minecraft:deepslate_redstone_ore":63,"minecraft:amethyst_cluster":13,"minecraft:powder_snow":24,"minecraft:clay":4,"minecraft:torch":56,"minecraft:calcite":53,"minecraft:chest":2,"minecraft:glass":1,"minecraft:cobblestone":358,"minecraft:sugar_cane":242,"minecraft:wall_torch":49,"minecraft:amethyst_block":46,"minecraft:birch_sapling":11,"minecraft:white_terracotta":104,"minecraft:birch_log":245,"minecraft:wheat":1310,"minecraft:grass":85,"minecraft:oak_log":1140,"minecraft:beetroots":461,"minecraft:dirt":314,"minecraft:smooth_basalt":15,"minecraft:stonecutter":1,"minecraft:oak_leaves":1194,"minecraft:deepslate":2045,"minecraft:tuff":265,"minecraft:deepslate_diamond_ore":36,"minecraft:oak_door":2,"minecraft:ladder":36,"minecraft:stone_button":1,"minecraft:spruce_leaves":231,"minecraft:oak_trapdoor":9,"minecraft:spruce_sapling":25,"minecraft:furnace":1,"minecraft:carrots":700,"minecraft:andesite":16,"minecraft:peony":2,"minecraft:bookshelf":4,"minecraft:potatoes":688,"minecraft:deepslate_iron_ore":22,"minecraft:cobblestone_slab":46,"minecraft:stone":837,"minecraft:smithing_table":4,"minecraft:spruce_door":1,"minecraft:dandelion":1,"minecraft:oak_fence":2,"minecraft:crafting_table":1,"minecraft:sculk_sensor":2,"minecraft:lectern":34,"minecraft:tall_grass":12,"minecraft:lapis_ore":2,"minecraft:deepslate_gold_ore":27,"minecraft:sculk":3,"minecraft:diorite":64,"minecraft:spruce_log":1281,"minecraft:birch_leaves":237,"minecraft:yellow_bed":14,"minecraft:coal_ore":388,"minecraft:gravel":104,"minecraft:cracked_stone_bricks":1,"minecraft:terracotta":2,"minecraft:spruce_fence_gate":23,"minecraft:gold_ore":7,"minecraft:fern":1},"minecraft:dropped":{"minecraft:diamond_axe":1,"minecraft:cooked_beef":24,"minecraft:baked_potato":52,"minecraft:diamond":1,"minecraft:lantern":13,"minecraft:cracked_stone_bricks":1,"minecraft:flint":7,"minecraft:dirt":61,"minecraft:iron_pickaxe":1,"minecraft:birch_log":82,"minecraft:bone":4,"minecraft:oak_door":1,"minecraft:gravel":19,"minecraft:stone_axe":1,"minecraft:cobbled_deepslate":2,"minecraft:wheat":89,"minecraft:rotten_flesh":9,"minecraft:poppy":1,"minecraft:gunpowder":2,"minecraft:beetroot_seeds":1,"minecraft:arrow":102,"minecraft:enchanted_book":1,"minecraft:golden_boots":1,"minecraft:wheat_seeds":2,"minecraft:diamond_leggings":1,"minecraft:poisonous_potato":1,"minecraft:iron_helmet":1,"minecraft:cobblestone":40,"minecraft:granite":20,"minecraft:stick":37,"minecraft:diorite":86,"minecraft:torch":65,"minecraft:iron_leggings":1,"minecraft:iron_shovel":6,"minecraft:string":2,"minecraft:diamond_sword":1,"minecraft:potato":9,"minecraft:shield":1,"minecraft:spruce_planks":128,"minecraft:iron_chestplate":1,"minecraft:diamond_pickaxe":2,"minecraft:andesite":15,"minecraft:yellow_bed":1,"minecraft:oak_boat":3,"minecraft:spider_eye":2,"minecraft:bow":2,"minecraft:stone_pickaxe":12},"minecraft:broken":{"minecraft:stone_pickaxe":9,"minecraft:stone_axe":11,"minecraft:stone_shovel":6,"minecraft:stone_hoe":3,"minecraft:iron_axe":1},"minecraft:killed_by":{"minecraft:creeper":1,"minecraft:vindicator":1},"minecraft:picked_up":{"minecraft:iron_chestplate":2,"minecraft:wheat":1157,"minecraft:diamond_sword":1,"minecraft:smithing_table":4,"minecraft:lead":6,"minecraft:amethyst_block":63,"minecraft:string":2,"minecraft:raw_copper":49,"minecraft:cooked_salmon":2,"minecraft:iron_leggings":3,"minecraft:beetroot":420,"minecraft:diamond_leggings":1,"minecraft:cobbled_deepslate":2073,"minecraft:gold_nugget":18,"minecraft:smooth_stone":21,"minecraft:bucket":2,"minecraft:spruce_planks":231,"minecraft:cobblestone_slab":151,"minecraft:calcite":52,"minecraft:iron_pickaxe":4,"minecraft:furnace":1,"minecraft:golden_helmet":1,"minecraft:stick":507,"minecraft:composter":2,"minecraft:oak_fence":2,"minecraft:torch":580,"minecraft:diorite":271,"minecraft:golden_chestplate":1,"minecraft:rotten_flesh":21,"minecraft:white_terracotta":93,"minecraft:obsidian":6,"minecraft:snowball":20,"minecraft:cobblestone":1305,"minecraft:birch_log":251,"minecraft:cooked_beef":49,"minecraft:water_bucket":1,"minecraft:andesite":76,"minecraft:potato":2160,"minecraft:flint":22,"minecraft:tuff":268,"minecraft:lantern":1,"minecraft:lapis_lazuli":285,"minecraft:dirt":1950,"minecraft:bone":24,"minecraft:stonecutter":1,"minecraft:bow":5,"minecraft:wheat_seeds":3295,"minecraft:raw_gold":55,"minecraft:bell":3,"minecraft:diamond_helmet":1,"minecraft:fletching_table":2,"minecraft:stone_hoe":2,"minecraft:oak_planks":110,"minecraft:poisonous_potato":8,"minecraft:spruce_fence_gate":20,"minecraft:diamond":64,"minecraft:granite":40,"minecraft:bone_meal":3,"minecraft:bread":1,"minecraft:golden_horse_armor":1,"minecraft:emerald":59,"minecraft:oak_sapling":189,"minecraft:diamond_pickaxe":2,"minecraft:charcoal":110,"minecraft:crafting_table":1,"minecraft:azure_bluet":4,"minecraft:ladder":85,"minecraft:clay_ball":32,"minecraft:shield":5,"minecraft:oak_trapdoor":9,"minecraft:iron_axe":5,"minecraft:iron_shovel":14,"minecraft:cracked_stone_bricks":2,"minecraft:beef":3,"minecraft:oak_boat":22,"minecraft:poppy":8,"minecraft:lectern":34,"minecraft:sugar_cane":340,"minecraft:chest":2,"minecraft:birch_sapling":35,"minecraft:egg":2,"minecraft:raw_iron":235,"minecraft:oak_door":4,"minecraft:stone_button":1,"minecraft:carrot":2150,"minecraft:redstone":414,"minecraft:diamond_chestplate":1,"minecraft:arrow":84,"minecraft:stone_shovel":3,"minecraft:beetroot_seeds":1175,"minecraft:peony":3,"minecraft:diamond_boots":1,"minecraft:saddle":2,"minecraft:oxeye_daisy":3,"minecraft:golden_carrot":10,"minecraft:salmon":13,"minecraft:leather":37,"minecraft:oak_log":1176,"minecraft:golden_boots":3,"minecraft:yellow_bed":14,"minecraft:gunpowder":7,"minecraft:cobblestone_stairs":28,"minecraft:paper":21,"minecraft:white_banner":6,"minecraft:cooked_mutton":5,"minecraft:apple":24,"minecraft:stone_pickaxe":30,"minecraft:iron_ingot":11,"minecraft:book":12,"minecraft:smooth_basalt":15,"minecraft:pumpkin":255,"minecraft:dandelion":12,"minecraft:gravel":99,"minecraft:amethyst_shard":110,"minecraft:spruce_sapling":118,"minecraft:white_bed":16,"minecraft:spruce_log":1520,"minecraft:spider_eye":2,"minecraft:spruce_door":1,"minecraft:pumpkin_seeds":1,"minecraft:stone_axe":1,"minecraft:iron_helmet":3,"minecraft:diamond_axe":3,"minecraft:terracotta":2,"minecraft:baked_potato":117,"minecraft:coal":862,"minecraft:hopper":1,"minecraft:ender_pearl":2},"minecraft:crafted":{"minecraft:oak_planks":4684,"minecraft:smooth_stone":420,"minecraft:cobblestone_slab":130,"minecraft:stone":627,"minecraft:cobblestone_stairs":40,"minecraft:bookshelf":18,"minecraft:hopper":5,"minecraft:glass":43,"minecraft:diamond_helmet":1,"minecraft:diamond_leggings":2,"minecraft:bow":2,"minecraft:chest":29,"minecraft:stone_hoe":5,"minecraft:oak_fence":45,"minecraft:pumpkin":1,"minecraft:deepslate":117,"minecraft:arrow":176,"minecraft:emerald":655,"minecraft:diamond_axe":6,"minecraft:crafting_table":7,"minecraft:spruce_planks":4004,"minecraft:baked_potato":150,"minecraft:smithing_table":1,"minecraft:fletching_table":2,"minecraft:birch_planks":536,"minecraft:pumpkin_seeds":60,"minecraft:diamond_pickaxe":5,"minecraft:book":4,"minecraft:paper":48,"minecraft:charcoal":60,"minecraft:shield":2,"minecraft:stick":17314,"minecraft:iron_ingot":82,"minecraft:iron_pickaxe":1,"minecraft:iron_block":10,"minecraft:gold_ingot":19,"minecraft:spruce_fence_gate":42,"minecraft:oak_door":6,"minecraft:stone_shovel":7,"minecraft:diamond_hoe":1,"minecraft:furnace":5,"minecraft:stone_button":1,"minecraft:bone_meal":3,"minecraft:oak_trapdoor":26,"minecraft:lantern":52,"minecraft:iron_axe":2,"minecraft:ladder":354,"minecraft:stone_pickaxe":48,"minecraft:diamond_boots":1,"minecraft:redstone_block":94,"minecraft:cooked_beef":1,"minecraft:coal_block":48,"minecraft:diamond_sword":2,"minecraft:enchanting_table":1,"minecraft:cooked_salmon":7,"minecraft:bucket":2,"minecraft:stone_axe":33,"minecraft:enchanted_book":3,"minecraft:bread":18,"minecraft:air":0,"minecraft:oak_fence_gate":2,"minecraft:oak_boat":5,"minecraft:iron_shovel":7,"minecraft:stonecutter":1,"minecraft:anvil":1,"minecraft:torch":752,"minecraft:lapis_block":41,"minecraft:diamond_chestplate":1}},"DataVersion":3465}