{"stats":{"minecraft:broken":{"minecraft:stone_pickaxe":4,"minecraft:stone_axe":1,"minecraft:stone_shovel":6,"minecraft:stone_hoe":1},"minecraft:custom":{"minecraft:interact_with_furnace":48,"minecraft:mob_kills":2,"minecraft:interact_with_crafting_table":25,"minecraft:interact_with_stonecutter":1,"minecraft:leave_game":2,"minecraft:time_since_death":163728,"minecraft:sleep_in_bed":11,"minecraft:time_since_rest":9417,"minecraft:sprint_one_cm":458638,"minecraft:damage_taken":655,"minecraft:walk_one_cm":719266,"minecraft:drop":7,"minecraft:damage_dealt":549,"minecraft:talked_to_villager":25,"minecraft:fly_one_cm":235789,"minecraft:open_chest":36,"minecraft:crouch_one_cm":17864,"minecraft:play_time":169750,"minecraft:deaths":1,"minecraft:sneak_time":4807,"minecraft:boat_one_cm":118609,"minecraft:jump":1333,"minecraft:walk_on_water_one_cm":120,"minecraft:total_world_time":169750,"minecraft:fall_one_cm":26617},"minecraft:mined":{"minecraft:white_bed":4,"minecraft:oak_door":2,"minecraft:powder_snow":13,"minecraft:clay":4,"minecraft:torch":30,"minecraft:stone_button":1,"minecraft:grass_block":602,"minecraft:lectern":6,"minecraft:glass":1,"minecraft:cobblestone":114,"minecraft:tall_grass":3,"minecraft:spruce_leaves":2,"minecraft:composter":2,"minecraft:wall_torch":9,"minecraft:birch_sapling":2,"minecraft:white_terracotta":103,"minecraft:carrots":15,"minecraft:birch_log":31,"minecraft:wheat":54,"minecraft:spruce_log":1,"minecraft:birch_leaves":4,"minecraft:yellow_bed":11,"minecraft:grass":14,"minecraft:potatoes":11,"minecraft:bookshelf":4,"minecraft:oak_log":67,"minecraft:coal_ore":54,"minecraft:cobblestone_slab":22,"minecraft:dirt_path":2,"minecraft:dirt":245,"minecraft:terracotta":2,"minecraft:stonecutter":1,"minecraft:stone":251,"minecraft:oak_leaves":37,"minecraft:smithing_table":1},"minecraft:picked_up":{"minecraft:birch_log":31,"minecraft:azure_bluet":1,"minecraft:wheat":52,"minecraft:clay_ball":16,"minecraft:smithing_table":1,"minecraft:potato":34,"minecraft:oak_log":73,"minecraft:yellow_bed":11,"minecraft:gunpowder":1,"minecraft:dirt":877,"minecraft:cooked_mutton":5,"minecraft:apple":3,"minecraft:stonecutter":1,"minecraft:wheat_seeds":168,"minecraft:bell":2,"minecraft:stone_pickaxe":1,"minecraft:cobblestone_slab":22,"minecraft:oak_boat":18,"minecraft:poppy":2,"minecraft:lectern":6,"minecraft:birch_sapling":7,"minecraft:book":12,"minecraft:stick":18,"minecraft:oak_door":3,"minecraft:composter":2,"minecraft:torch":51,"minecraft:dandelion":11,"minecraft:stone_button":1,"minecraft:spruce_sapling":1,"minecraft:carrot":45,"minecraft:white_bed":4,"minecraft:spruce_log":1,"minecraft:rotten_flesh":5,"minecraft:white_terracotta":92,"minecraft:terracotta":2,"minecraft:oak_sapling":36,"minecraft:coal":57,"minecraft:oxeye_daisy":2,"minecraft:cobblestone":350},"minecraft:used":{"minecraft:wheat_seeds":162,"minecraft:cooked_mutton":5,"minecraft:water_bucket":4,"minecraft:cobblestone_stairs":13,"minecraft:stone_shovel":793,"minecraft:stone_pickaxe":574,"minecraft:composter":2,"minecraft:stonecutter":1,"minecraft:cobblestone_slab":89,"minecraft:stone_hoe":295,"minecraft:oak_door":4,"minecraft:torch":115,"minecraft:dirt":910,"minecraft:carrot":45,"minecraft:white_bed":4,"minecraft:bread":12,"minecraft:birch_sapling":7,"minecraft:stone_button":2,"minecraft:lectern":6,"minecraft:spruce_sapling":1,"minecraft:stone_axe":215,"minecraft:cobblestone":343,"minecraft:furnace":2,"minecraft:oak_sapling":36,"minecraft:bucket":6,"minecraft:yellow_bed":10,"minecraft:oak_boat":19,"minecraft:potato":33},"minecraft:killed":{"minecraft:creeper":2},"minecraft:crafted":{"minecraft:oak_door":3,"minecraft:smooth_stone":290,"minecraft:oak_planks":32,"minecraft:cobblestone_slab":130,"minecraft:stone_shovel":6,"minecraft:furnace":2,"minecraft:stone_button":1,"minecraft:cobblestone_stairs":40,"minecraft:stone":411,"minecraft:bucket":2,"minecraft:stone_axe":3,"minecraft:bread":12,"minecraft:air":0,"minecraft:oak_boat":5,"minecraft:stick":4,"minecraft:iron_ingot":4,"minecraft:stone_pickaxe":4,"minecraft:torch":64,"minecraft:stone_hoe":2},"minecraft:dropped":{"minecraft:oak_door":1,"minecraft:rotten_flesh":4,"minecraft:potato":1,"minecraft:oak_boat":3}},"DataVersion":3465}