{"stats":{"minecraft:broken":{"minecraft:stone_pickaxe":2,"minecraft:stone_axe":1,"minecraft:stone_shovel":2},"minecraft:custom":{"minecraft:interact_with_furnace":41,"minecraft:mob_kills":1,"minecraft:interact_with_crafting_table":17,"minecraft:leave_game":2,"minecraft:time_since_death":79728,"minecraft:sleep_in_bed":5,"minecraft:time_since_rest":11945,"minecraft:sprint_one_cm":196203,"minecraft:damage_taken":455,"minecraft:walk_one_cm":329653,"minecraft:drop":6,"minecraft:damage_dealt":339,"minecraft:talked_to_villager":5,"minecraft:fly_one_cm":125851,"minecraft:open_chest":26,"minecraft:crouch_one_cm":4485,"minecraft:play_time":85750,"minecraft:deaths":1,"minecraft:sneak_time":1348,"minecraft:boat_one_cm":49376,"minecraft:jump":662,"minecraft:total_world_time":85750,"minecraft:fall_one_cm":17099},"minecraft:mined":{"minecraft:oak_door":2,"minecraft:powder_snow":13,"minecraft:torch":10,"minecraft:stone_button":1,"minecraft:grass_block":206,"minecraft:cobblestone":41,"minecraft:tall_grass":3,"minecraft:spruce_leaves":2,"minecraft:wall_torch":6,"minecraft:birch_sapling":2,"minecraft:birch_log":31,"minecraft:wheat":25,"minecraft:spruce_log":1,"minecraft:birch_leaves":4,"minecraft:grass":7,"minecraft:oak_log":66,"minecraft:coal_ore":54,"minecraft:cobblestone_slab":4,"minecraft:dirt_path":1,"minecraft:dirt":186,"minecraft:stone":243,"minecraft:oak_leaves":37},"minecraft:picked_up":{"minecraft:birch_log":31,"minecraft:wheat":24,"minecraft:oak_log":72,"minecraft:gunpowder":1,"minecraft:dirt":425,"minecraft:cooked_mutton":5,"minecraft:apple":3,"minecraft:wheat_seeds":83,"minecraft:stone_pickaxe":1,"minecraft:cobblestone_slab":4,"minecraft:oak_boat":6,"minecraft:birch_sapling":7,"minecraft:stick":18,"minecraft:oak_door":3,"minecraft:torch":21,"minecraft:dandelion":1,"minecraft:stone_button":1,"minecraft:spruce_sapling":1,"minecraft:spruce_log":1,"minecraft:rotten_flesh":4,"minecraft:oak_sapling":36,"minecraft:coal":57,"minecraft:cobblestone":262},"minecraft:used":{"minecraft:wheat_seeds":2,"minecraft:cooked_mutton":5,"minecraft:cobblestone_stairs":13,"minecraft:stone_shovel":377,"minecraft:stone_pickaxe":355,"minecraft:cobblestone_slab":44,"minecraft:oak_door":4,"minecraft:torch":72,"minecraft:dirt":410,"minecraft:bread":2,"minecraft:birch_sapling":7,"minecraft:stone_button":2,"minecraft:spruce_sapling":1,"minecraft:stone_axe":178,"minecraft:cobblestone":210,"minecraft:furnace":2,"minecraft:oak_sapling":36,"minecraft:oak_boat":6},"minecraft:killed":{"minecraft:creeper":1},"minecraft:crafted":{"minecraft:oak_door":3,"minecraft:smooth_stone":290,"minecraft:oak_planks":32,"minecraft:cobblestone_slab":126,"minecraft:stone_shovel":6,"minecraft:furnace":2,"minecraft:stone_button":1,"minecraft:cobblestone_stairs":40,"minecraft:stone":411,"minecraft:stone_axe":3,"minecraft:bread":8,"minecraft:air":0,"minecraft:oak_boat":5,"minecraft:stick":4,"minecraft:stone_pickaxe":2,"minecraft:torch":64,"minecraft:stone_hoe":1},"minecraft:dropped":{"minecraft:oak_door":1,"minecraft:rotten_flesh":4,"minecraft:oak_boat":3}},"DataVersion":3465}