{"stats":{"minecraft:used":{"minecraft:iron_shovel":3,"minecraft:ladder":9,"minecraft:spruce_slab":4,"minecraft:stone_pickaxe":93,"minecraft:oak_planks":42,"minecraft:baked_potato":7,"minecraft:chest":6,"minecraft:wooden_pickaxe":6,"minecraft:spruce_planks":50,"minecraft:shield":15,"minecraft:iron_sword":49,"minecraft:diamond_axe":211,"minecraft:torch":20,"minecraft:oak_slab":30,"minecraft:crafting_table":6,"minecraft:carrot":32,"minecraft:spruce_log":94,"minecraft:snowball":4,"minecraft:smoker":2,"minecraft:oak_log":59,"minecraft:iron_axe":140,"minecraft:iron_pickaxe":64,"minecraft:iron_helmet":1,"minecraft:spruce_trapdoor":13,"minecraft:barrel":3,"minecraft:stone_axe":103,"minecraft:cobblestone":55,"minecraft:furnace":4,"minecraft:yellow_bed":2,"minecraft:egg":1},"minecraft:killed":{"minecraft:sheep":1,"minecraft:skeleton":1,"minecraft:zombie":5},"minecraft:custom":{"minecraft:interact_with_furnace":19,"minecraft:mob_kills":8,"minecraft:interact_with_crafting_table":27,"minecraft:open_barrel":5,"minecraft:leave_game":4,"minecraft:time_since_death":64947,"minecraft:sleep_in_bed":1,"minecraft:climb_one_cm":622,"minecraft:time_since_rest":28913,"minecraft:sprint_one_cm":130171,"minecraft:damage_taken":683,"minecraft:walk_one_cm":135336,"minecraft:damage_blocked_by_shield":540,"minecraft:damage_dealt":1904,"minecraft:talked_to_villager":1,"minecraft:swim_one_cm":21659,"minecraft:fly_one_cm":193201,"minecraft:open_chest":14,"minecraft:crouch_one_cm":1144,"minecraft:play_time":64947,"minecraft:sneak_time":922,"minecraft:walk_under_water_one_cm":1713,"minecraft:jump":1025,"minecraft:walk_on_water_one_cm":4820,"minecraft:total_world_time":64947,"minecraft:interact_with_smoker":12,"minecraft:fall_one_cm":26125},"minecraft:mined":{"minecraft:oak_slab":1,"minecraft:spruce_planks":12,"minecraft:smoker":1,"minecraft:spruce_trapdoor":10,"minecraft:crafting_table":5,"minecraft:torch":4,"minecraft:ladder":4,"minecraft:grass_block":2,"minecraft:chest":1,"minecraft:tall_grass":8,"minecraft:cobblestone":5,"minecraft:spruce_leaves":25,"minecraft:oak_planks":12,"minecraft:furnace":3,"minecraft:carrots":16,"minecraft:birch_log":28,"minecraft:iron_ore":30,"minecraft:barrel":1,"minecraft:birch_leaves":1,"minecraft:spruce_log":136,"minecraft:yellow_bed":1,"minecraft:grass":17,"minecraft:oak_log":163,"minecraft:coal_ore":28,"minecraft:dirt":2,"minecraft:stone":91,"minecraft:oak_leaves":7},"minecraft:picked_up":{"minecraft:birch_log":28,"minecraft:crafting_table":5,"minecraft:ladder":4,"minecraft:smoker":1,"minecraft:potato":76,"minecraft:oak_log":161,"minecraft:yellow_bed":2,"minecraft:dirt":3,"minecraft:apple":2,"minecraft:wheat_seeds":7,"minecraft:spruce_planks":12,"minecraft:iron_ingot":1,"minecraft:chest":1,"minecraft:oak_planks":12,"minecraft:spruce_trapdoor":10,"minecraft:furnace":3,"minecraft:egg":5,"minecraft:oak_slab":1,"minecraft:stick":7,"minecraft:raw_iron":36,"minecraft:torch":4,"minecraft:spruce_sapling":20,"minecraft:spruce_log":136,"minecraft:carrot":86,"minecraft:barrel":1,"minecraft:rotten_flesh":9,"minecraft:baked_potato":1,"minecraft:oak_sapling":10,"minecraft:coal":52,"minecraft:snowball":4,"minecraft:cobblestone":93},"minecraft:crafted":{"minecraft:oak_slab":36,"minecraft:oak_planks":60,"minecraft:barrel":2,"minecraft:crafting_table":1,"minecraft:spruce_planks":148,"minecraft:wooden_pickaxe":1,"minecraft:baked_potato":25,"minecraft:iron_helmet":1,"minecraft:iron_sword":1,"minecraft:furnace":2,"minecraft:stone_axe":1,"minecraft:air":0,"minecraft:spruce_trapdoor":4,"minecraft:iron_chestplate":1,"minecraft:shield":1,"minecraft:iron_axe":1,"minecraft:ladder":9,"minecraft:spruce_slab":12,"minecraft:stick":36,"minecraft:iron_ingot":29,"minecraft:iron_pickaxe":1,"minecraft:stone_pickaxe":1,"minecraft:chest":5,"minecraft:iron_shovel":1,"minecraft:torch":20,"minecraft:smoker":1}},"DataVersion":3465}