{"stats":{"minecraft:used":{"minecraft:stone_pickaxe":93,"minecraft:iron_pickaxe":12,"minecraft:iron_sword":23,"minecraft:shield":15,"minecraft:spruce_planks":5,"minecraft:wooden_pickaxe":6,"minecraft:stone_axe":103,"minecraft:torch":17,"minecraft:cobblestone":22,"minecraft:crafting_table":3,"minecraft:furnace":1,"minecraft:carrot":27,"minecraft:snowball":4,"minecraft:spruce_log":9},"minecraft:killed":{"minecraft:skeleton":1,"minecraft:zombie":3},"minecraft:custom":{"minecraft:time_since_rest":28947,"minecraft:interact_with_furnace":5,"minecraft:sprint_one_cm":43733,"minecraft:damage_taken":487,"minecraft:walk_one_cm":58332,"minecraft:damage_blocked_by_shield":540,"minecraft:mob_kills":5,"minecraft:damage_dealt":1423,"minecraft:swim_one_cm":146,"minecraft:interact_with_crafting_table":8,"minecraft:talked_to_villager":1,"minecraft:fly_one_cm":62486,"minecraft:crouch_one_cm":77,"minecraft:play_time":28947,"minecraft:sneak_time":258,"minecraft:walk_under_water_one_cm":242,"minecraft:jump":392,"minecraft:leave_game":4,"minecraft:time_since_death":28947,"minecraft:walk_on_water_one_cm":1385,"minecraft:total_world_time":28947,"minecraft:fall_one_cm":10365},"minecraft:mined":{"minecraft:furnace":1,"minecraft:carrots":16,"minecraft:iron_ore":30,"minecraft:spruce_log":87,"minecraft:torch":2,"minecraft:crafting_table":3,"minecraft:coal_ore":28,"minecraft:cobblestone":3,"minecraft:spruce_leaves":25,"minecraft:stone":47},"minecraft:picked_up":{"minecraft:raw_iron":36,"minecraft:stick":3,"minecraft:crafting_table":3,"minecraft:torch":2,"minecraft:spruce_sapling":10,"minecraft:carrot":59,"minecraft:yellow_bed":1,"minecraft:spruce_log":87,"minecraft:rotten_flesh":5,"minecraft:iron_ingot":1,"minecraft:coal":47,"minecraft:snowball":4,"minecraft:cobblestone":48,"minecraft:furnace":1},"minecraft:crafted":{"minecraft:iron_chestplate":1,"minecraft:shield":1,"minecraft:crafting_table":1,"minecraft:spruce_planks":56,"minecraft:stick":16,"minecraft:iron_ingot":14,"minecraft:wooden_pickaxe":1,"minecraft:iron_pickaxe":1,"minecraft:stone_pickaxe":1,"minecraft:iron_sword":1,"minecraft:chest":2,"minecraft:furnace":2,"minecraft:torch":20,"minecraft:stone_axe":1,"minecraft:air":0,"minecraft:smoker":1}},"DataVersion":3465}