{"stats":{"minecraft:used":{"minecraft:oak_trapdoor":1,"minecraft:oak_fence":2,"minecraft:water_bucket":11,"minecraft:cobblestone_stairs":6,"minecraft:iron_shovel":73,"minecraft:spruce_door":2,"minecraft:baked_potato":25,"minecraft:ladder":9,"minecraft:spruce_slab":7,"minecraft:stone_pickaxe":93,"minecraft:oak_planks":67,"minecraft:chest":6,"minecraft:spruce_planks":50,"minecraft:wooden_pickaxe":6,"minecraft:diamond_axe":469,"minecraft:iron_sword":68,"minecraft:shield":20,"minecraft:oak_door":1,"minecraft:torch":21,"minecraft:dirt":39,"minecraft:oak_slab":30,"minecraft:crafting_table":6,"minecraft:carrot":46,"minecraft:snowball":4,"minecraft:spruce_log":150,"minecraft:smoker":2,"minecraft:iron_hoe":20,"minecraft:oak_log":103,"minecraft:spruce_trapdoor":13,"minecraft:iron_pickaxe":72,"minecraft:iron_axe":146,"minecraft:iron_helmet":1,"minecraft:spruce_sapling":20,"minecraft:barrel":3,"minecraft:stone_axe":103,"minecraft:cobblestone":73,"minecraft:furnace":4,"minecraft:bucket":12,"minecraft:glass_pane":16,"minecraft:yellow_bed":2,"minecraft:egg":1,"minecraft:potato":20},"minecraft:picked_up":{"minecraft:birch_log":28,"minecraft:crafting_table":5,"minecraft:chicken":1,"minecraft:ladder":4,"minecraft:salmon":4,"minecraft:lead":2,"minecraft:smoker":1,"minecraft:potato":109,"minecraft:oak_log":183,"minecraft:yellow_bed":2,"minecraft:cobblestone_stairs":19,"minecraft:dirt":84,"minecraft:string":111,"minecraft:oak_trapdoor":1,"minecraft:apple":3,"minecraft:wheat_seeds":12,"minecraft:spruce_planks":12,"minecraft:iron_ingot":1,"minecraft:chest":1,"minecraft:birch_sapling":2,"minecraft:oak_planks":12,"minecraft:spruce_trapdoor":10,"minecraft:furnace":3,"minecraft:egg":5,"minecraft:oak_slab":1,"minecraft:stick":16,"minecraft:raw_iron":36,"minecraft:pumpkin":18,"minecraft:oak_fence":2,"minecraft:torch":4,"minecraft:sand":6,"minecraft:spruce_sapling":42,"minecraft:spruce_log":278,"minecraft:carrot":87,"minecraft:spruce_door":2,"minecraft:barrel":1,"minecraft:rotten_flesh":16,"minecraft:bone_meal":1,"minecraft:baked_potato":1,"minecraft:oak_sapling":23,"minecraft:coal":52,"minecraft:snowball":4,"minecraft:cobblestone":99},"minecraft:crafted":{"minecraft:oak_door":3,"minecraft:oak_slab":36,"minecraft:oak_planks":92,"minecraft:barrel":2,"minecraft:emerald":31,"minecraft:crafting_table":1,"minecraft:spruce_planks":148,"minecraft:baked_potato":81,"minecraft:wooden_pickaxe":1,"minecraft:iron_helmet":1,"minecraft:iron_sword":1,"minecraft:furnace":2,"minecraft:bucket":1,"minecraft:birch_planks":112,"minecraft:stone_axe":1,"minecraft:air":0,"minecraft:glass_pane":16,"minecraft:glass":6,"minecraft:spruce_trapdoor":4,"minecraft:iron_chestplate":1,"minecraft:diamond_pickaxe":1,"minecraft:shield":1,"minecraft:iron_axe":1,"minecraft:stick":300,"minecraft:ladder":9,"minecraft:spruce_slab":12,"minecraft:iron_hoe":1,"minecraft:iron_ingot":29,"minecraft:iron_pickaxe":1,"minecraft:stone_pickaxe":1,"minecraft:chest":5,"minecraft:iron_shovel":1,"minecraft:torch":224,"minecraft:smoker":1},"minecraft:custom":{"minecraft:interact_with_furnace":26,"minecraft:mob_kills":16,"minecraft:inspect_hopper":1,"minecraft:interact_with_crafting_table":33,"minecraft:traded_with_villager":32,"minecraft:open_barrel":11,"minecraft:interact_with_grindstone":1,"minecraft:leave_game":16,"minecraft:time_since_death":145055,"minecraft:sleep_in_bed":3,"minecraft:climb_one_cm":5147,"minecraft:time_since_rest":37884,"minecraft:sprint_one_cm":432517,"minecraft:damage_taken":1182,"minecraft:walk_one_cm":381345,"minecraft:damage_blocked_by_shield":690,"minecraft:damage_dealt":2700,"minecraft:swim_one_cm":29249,"minecraft:fly_one_cm":503201,"minecraft:talked_to_villager":32,"minecraft:open_chest":64,"minecraft:crouch_one_cm":1361,"minecraft:play_time":145055,"minecraft:sneak_time":1179,"minecraft:walk_under_water_one_cm":11925,"minecraft:jump":2280,"minecraft:walk_on_water_one_cm":13760,"minecraft:total_world_time":145055,"minecraft:interact_with_smoker":27,"minecraft:fall_one_cm":52989},"minecraft:mined":{"minecraft:oak_slab":1,"minecraft:spruce_planks":12,"minecraft:smoker":1,"minecraft:spruce_door":2,"minecraft:spruce_trapdoor":10,"minecraft:oak_fence":3,"minecraft:crafting_table":5,"minecraft:torch":4,"minecraft:ladder":4,"minecraft:grass_block":66,"minecraft:chest":1,"minecraft:tall_grass":10,"minecraft:cobblestone":11,"minecraft:spruce_leaves":40,"minecraft:oak_planks":12,"minecraft:oak_trapdoor":1,"minecraft:carrots":16,"minecraft:spruce_sapling":1,"minecraft:furnace":3,"minecraft:iron_ore":30,"minecraft:birch_log":28,"minecraft:barrel":1,"minecraft:fire":10,"minecraft:spruce_log":290,"minecraft:birch_leaves":1,"minecraft:pumpkin":18,"minecraft:yellow_bed":1,"minecraft:grass":61,"minecraft:potatoes":10,"minecraft:oak_log":184,"minecraft:coal_ore":28,"minecraft:sand":6,"minecraft:dirt":3,"minecraft:stone":91,"minecraft:oak_leaves":11},"minecraft:killed":{"minecraft:salmon":5,"minecraft:wandering_trader":1,"minecraft:skeleton":1,"minecraft:sheep":1,"minecraft:zombie":6,"minecraft:chicken":1}},"DataVersion":3465}