{"stats":{"minecraft:used":{"minecraft:iron_shovel":3,"minecraft:stone_pickaxe":93,"minecraft:wooden_pickaxe":6,"minecraft:spruce_planks":5,"minecraft:shield":15,"minecraft:iron_sword":41,"minecraft:torch":20,"minecraft:crafting_table":4,"minecraft:carrot":32,"minecraft:spruce_log":12,"minecraft:snowball":4,"minecraft:smoker":1,"minecraft:iron_axe":1,"minecraft:iron_pickaxe":63,"minecraft:iron_helmet":1,"minecraft:stone_axe":103,"minecraft:cobblestone":27,"minecraft:furnace":2,"minecraft:yellow_bed":1},"minecraft:killed":{"minecraft:skeleton":1,"minecraft:zombie":3},"minecraft:custom":{"minecraft:interact_with_furnace":19,"minecraft:mob_kills":5,"minecraft:interact_with_crafting_table":14,"minecraft:leave_game":4,"minecraft:time_since_death":40947,"minecraft:sleep_in_bed":1,"minecraft:time_since_rest":4913,"minecraft:sprint_one_cm":74515,"minecraft:damage_taken":507,"minecraft:walk_one_cm":72215,"minecraft:damage_blocked_by_shield":540,"minecraft:damage_dealt":1423,"minecraft:talked_to_villager":1,"minecraft:swim_one_cm":12185,"minecraft:fly_one_cm":120456,"minecraft:open_chest":1,"minecraft:crouch_one_cm":294,"minecraft:play_time":40947,"minecraft:sneak_time":396,"minecraft:walk_under_water_one_cm":1004,"minecraft:jump":623,"minecraft:walk_on_water_one_cm":4536,"minecraft:total_world_time":40947,"minecraft:interact_with_smoker":12,"minecraft:fall_one_cm":16139},"minecraft:mined":{"minecraft:smoker":1,"minecraft:crafting_table":4,"minecraft:torch":4,"minecraft:grass_block":2,"minecraft:tall_grass":6,"minecraft:cobblestone":5,"minecraft:spruce_leaves":25,"minecraft:furnace":2,"minecraft:carrots":16,"minecraft:iron_ore":30,"minecraft:spruce_log":87,"minecraft:yellow_bed":1,"minecraft:grass":12,"minecraft:coal_ore":28,"minecraft:dirt":2,"minecraft:stone":91},"minecraft:picked_up":{"minecraft:crafting_table":4,"minecraft:smoker":1,"minecraft:potato":38,"minecraft:yellow_bed":2,"minecraft:dirt":3,"minecraft:wheat_seeds":2,"minecraft:iron_ingot":1,"minecraft:furnace":2,"minecraft:egg":2,"minecraft:stick":3,"minecraft:raw_iron":36,"minecraft:torch":4,"minecraft:spruce_sapling":10,"minecraft:spruce_log":87,"minecraft:carrot":59,"minecraft:rotten_flesh":7,"minecraft:baked_potato":1,"minecraft:coal":52,"minecraft:snowball":4,"minecraft:cobblestone":93},"minecraft:crafted":{"minecraft:crafting_table":1,"minecraft:spruce_planks":56,"minecraft:wooden_pickaxe":1,"minecraft:baked_potato":25,"minecraft:iron_helmet":1,"minecraft:iron_sword":1,"minecraft:furnace":2,"minecraft:stone_axe":1,"minecraft:air":0,"minecraft:iron_chestplate":1,"minecraft:shield":1,"minecraft:iron_axe":1,"minecraft:stick":28,"minecraft:iron_ingot":29,"minecraft:iron_pickaxe":1,"minecraft:stone_pickaxe":1,"minecraft:chest":2,"minecraft:iron_shovel":1,"minecraft:torch":20,"minecraft:smoker":1}},"DataVersion":3465}