{"stats":{"minecraft:used":{"minecraft:stone_axe":16,"minecraft:crafting_table":2,"minecraft:stone_pickaxe":20,"minecraft:wooden_pickaxe":6},"minecraft:custom":{"minecraft:time_since_rest":6695,"minecraft:sprint_one_cm":6237,"minecraft:play_time":6695,"minecraft:walk_one_cm":11103,"minecraft:jump":63,"minecraft:leave_game":2,"minecraft:time_since_death":6695,"minecraft:total_world_time":6695,"minecraft:interact_with_crafting_table":2,"minecraft:fall_one_cm":1163,"minecraft:fly_one_cm":6272},"minecraft:mined":{"minecraft:spruce_leaves":2,"minecraft:spruce_log":20,"minecraft:stone":26,"minecraft:crafting_table":2},"minecraft:picked_up":{"minecraft:stick":2,"minecraft:crafting_table":2,"minecraft:spruce_sapling":4,"minecraft:spruce_log":20,"minecraft:cobblestone":26},"minecraft:crafted":{"minecraft:crafting_table":1,"minecraft:stone_axe":1,"minecraft:spruce_planks":28,"minecraft:stick":8,"minecraft:wooden_pickaxe":1,"minecraft:stone_pickaxe":1}},"DataVersion":3465}