{"stats":{"minecraft:used":{"minecraft:water_bucket":3,"minecraft:iron_shovel":64,"minecraft:baked_potato":14,"minecraft:spruce_slab":4,"minecraft:stone_pickaxe":93,"minecraft:ladder":9,"minecraft:oak_planks":67,"minecraft:chest":6,"minecraft:spruce_planks":50,"minecraft:wooden_pickaxe":6,"minecraft:shield":20,"minecraft:iron_sword":68,"minecraft:diamond_axe":366,"minecraft:oak_door":1,"minecraft:torch":21,"minecraft:dirt":35,"minecraft:oak_slab":30,"minecraft:crafting_table":6,"minecraft:carrot":41,"minecraft:snowball":4,"minecraft:spruce_log":150,"minecraft:smoker":2,"minecraft:iron_hoe":19,"minecraft:oak_log":103,"minecraft:spruce_trapdoor":13,"minecraft:iron_axe":143,"minecraft:iron_pickaxe":65,"minecraft:iron_helmet":1,"minecraft:spruce_sapling":20,"minecraft:barrel":3,"minecraft:stone_axe":103,"minecraft:cobblestone":72,"minecraft:furnace":4,"minecraft:bucket":3,"minecraft:glass_pane":16,"minecraft:yellow_bed":2,"minecraft:egg":1,"minecraft:potato":11},"minecraft:picked_up":{"minecraft:birch_log":28,"minecraft:crafting_table":5,"minecraft:ladder":4,"minecraft:chicken":1,"minecraft:salmon":4,"minecraft:lead":2,"minecraft:smoker":1,"minecraft:potato":81,"minecraft:oak_log":183,"minecraft:yellow_bed":2,"minecraft:dirt":72,"minecraft:apple":3,"minecraft:wheat_seeds":12,"minecraft:spruce_planks":12,"minecraft:iron_ingot":1,"minecraft:chest":1,"minecraft:birch_sapling":2,"minecraft:oak_planks":12,"minecraft:spruce_trapdoor":10,"minecraft:egg":5,"minecraft:furnace":3,"minecraft:oak_slab":1,"minecraft:stick":16,"minecraft:raw_iron":36,"minecraft:torch":4,"minecraft:sand":6,"minecraft:spruce_sapling":41,"minecraft:spruce_log":213,"minecraft:carrot":86,"minecraft:barrel":1,"minecraft:rotten_flesh":10,"minecraft:bone_meal":1,"minecraft:baked_potato":1,"minecraft:oak_sapling":23,"minecraft:coal":52,"minecraft:snowball":4,"minecraft:cobblestone":94},"minecraft:crafted":{"minecraft:oak_door":3,"minecraft:oak_slab":36,"minecraft:oak_planks":92,"minecraft:barrel":2,"minecraft:crafting_table":1,"minecraft:spruce_planks":148,"minecraft:wooden_pickaxe":1,"minecraft:baked_potato":25,"minecraft:iron_helmet":1,"minecraft:iron_sword":1,"minecraft:furnace":2,"minecraft:bucket":1,"minecraft:stone_axe":1,"minecraft:air":0,"minecraft:glass_pane":16,"minecraft:glass":6,"minecraft:spruce_trapdoor":4,"minecraft:iron_chestplate":1,"minecraft:shield":1,"minecraft:iron_axe":1,"minecraft:stick":36,"minecraft:ladder":9,"minecraft:spruce_slab":12,"minecraft:iron_hoe":1,"minecraft:iron_ingot":29,"minecraft:iron_pickaxe":1,"minecraft:stone_pickaxe":1,"minecraft:chest":5,"minecraft:iron_shovel":1,"minecraft:torch":20,"minecraft:smoker":1},"minecraft:custom":{"minecraft:interact_with_furnace":23,"minecraft:mob_kills":16,"minecraft:interact_with_crafting_table":31,"minecraft:open_barrel":11,"minecraft:leave_game":6,"minecraft:time_since_death":92663,"minecraft:sleep_in_bed":1,"minecraft:climb_one_cm":4719,"minecraft:time_since_rest":56629,"minecraft:sprint_one_cm":222043,"minecraft:damage_taken":987,"minecraft:walk_one_cm":227968,"minecraft:damage_blocked_by_shield":690,"minecraft:damage_dealt":2700,"minecraft:swim_one_cm":28125,"minecraft:talked_to_villager":1,"minecraft:fly_one_cm":294511,"minecraft:open_chest":41,"minecraft:crouch_one_cm":1361,"minecraft:play_time":92663,"minecraft:sneak_time":1102,"minecraft:walk_under_water_one_cm":5912,"minecraft:jump":1522,"minecraft:walk_on_water_one_cm":9678,"minecraft:total_world_time":92663,"minecraft:interact_with_smoker":13,"minecraft:fall_one_cm":40761},"minecraft:mined":{"minecraft:oak_slab":1,"minecraft:spruce_planks":12,"minecraft:smoker":1,"minecraft:spruce_trapdoor":10,"minecraft:crafting_table":5,"minecraft:torch":4,"minecraft:ladder":4,"minecraft:grass_block":57,"minecraft:chest":1,"minecraft:tall_grass":8,"minecraft:cobblestone":6,"minecraft:spruce_leaves":40,"minecraft:oak_planks":12,"minecraft:furnace":3,"minecraft:carrots":16,"minecraft:birch_log":28,"minecraft:iron_ore":30,"minecraft:barrel":1,"minecraft:spruce_log":214,"minecraft:birch_leaves":1,"minecraft:yellow_bed":1,"minecraft:grass":61,"minecraft:oak_log":184,"minecraft:potatoes":2,"minecraft:coal_ore":28,"minecraft:sand":6,"minecraft:dirt":2,"minecraft:stone":91,"minecraft:oak_leaves":11},"minecraft:killed":{"minecraft:salmon":5,"minecraft:wandering_trader":1,"minecraft:skeleton":1,"minecraft:sheep":1,"minecraft:zombie":6,"minecraft:chicken":1}},"DataVersion":3465}