{"stats":{"minecraft:dropped":{"minecraft:stone_axe":1,"minecraft:diamond_leggings":1,"minecraft:cobblestone":12,"minecraft:torch":32,"minecraft:diamond_chestplate":1,"minecraft:diamond_pickaxe":1,"minecraft:diamond_helmet":2,"minecraft:diamond_boots":1,"minecraft:wooden_pickaxe":3,"minecraft:iron_pickaxe":2},"minecraft:broken":{"minecraft:stone_pickaxe":11},"minecraft:used":{"minecraft:wheat_seeds":46,"minecraft:cooked_mutton":2,"minecraft:water_bucket":3,"minecraft:diamond_boots":1,"minecraft:stone_pickaxe":1534,"minecraft:stone_shovel":60,"minecraft:chest":4,"minecraft:spruce_planks":4,"minecraft:wooden_pickaxe":51,"minecraft:diamond_axe":43,"minecraft:stone_hoe":161,"minecraft:torch":214,"minecraft:dirt":6,"minecraft:campfire":2,"minecraft:crafting_table":11,"minecraft:carrot":12,"minecraft:white_bed":2,"minecraft:diamond_helmet":2,"minecraft:bread":6,"minecraft:iron_pickaxe":93,"minecraft:spruce_sapling":2,"minecraft:stone_axe":158,"minecraft:cobblestone":252,"minecraft:furnace":4,"minecraft:cooked_porkchop":3,"minecraft:bucket":4,"minecraft:cooked_beef":3,"minecraft:potato":11,"minecraft:cobbled_deepslate":2},"minecraft:picked_up":{"minecraft:birch_log":5,"minecraft:crafting_table":12,"minecraft:wheat":65,"minecraft:azure_bluet":3,"minecraft:andesite":42,"minecraft:leather":5,"minecraft:wooden_pickaxe":1,"minecraft:potato":3,"minecraft:flint":1,"minecraft:oak_log":10,"minecraft:gunpowder":4,"minecraft:dirt":74,"minecraft:raw_copper":68,"minecraft:wheat_seeds":36,"minecraft:diamond_leggings":1,"minecraft:beef":5,"minecraft:spruce_planks":16,"minecraft:iron_ingot":2,"minecraft:stone_pickaxe":3,"minecraft:poppy":2,"minecraft:iron_pickaxe":1,"minecraft:diamond_helmet":2,"minecraft:chest":3,"minecraft:furnace":3,"minecraft:stick":20,"minecraft:raw_iron":32,"minecraft:torch":244,"minecraft:dandelion":12,"minecraft:gravel":11,"minecraft:porkchop":12,"minecraft:spruce_sapling":5,"minecraft:diorite":128,"minecraft:spruce_log":63,"minecraft:carrot":9,"minecraft:diamond_chestplate":1,"minecraft:stone_axe":3,"minecraft:beetroot_seeds":1,"minecraft:diamond_boots":1,"minecraft:granite":54,"minecraft:emerald":7,"minecraft:mutton":10,"minecraft:coal":396,"minecraft:white_wool":6,"minecraft:cobblestone":1702,"minecraft:diamond_pickaxe":1},"minecraft:crafted":{"minecraft:oak_planks":40,"minecraft:stone_shovel":2,"minecraft:emerald":5,"minecraft:cooked_porkchop":3,"minecraft:crafting_table":2,"minecraft:spruce_planks":132,"minecraft:wooden_pickaxe":2,"minecraft:furnace":2,"minecraft:bucket":2,"minecraft:birch_planks":20,"minecraft:campfire":2,"minecraft:stone_axe":1,"minecraft:cooked_mutton":10,"minecraft:air":0,"minecraft:diamond_helmet":1,"minecraft:diamond_leggings":1,"minecraft:iron_chestplate":1,"minecraft:charcoal":8,"minecraft:spruce_wood":3,"minecraft:stick":340,"minecraft:spruce_slab":6,"minecraft:iron_ingot":29,"minecraft:iron_pickaxe":2,"minecraft:stone_pickaxe":13,"minecraft:chest":1,"minecraft:diamond_boots":1,"minecraft:iron_leggings":1,"minecraft:white_bed":2,"minecraft:torch":292,"minecraft:stone_hoe":1,"minecraft:diamond_chestplate":1},"minecraft:custom":{"minecraft:interact_with_furnace":34,"minecraft:interact_with_anvil":3,"minecraft:mob_kills":15,"minecraft:traded_with_villager":5,"minecraft:interact_with_crafting_table":35,"minecraft:interact_with_campfire":5,"minecraft:interact_with_stonecutter":1,"minecraft:leave_game":4,"minecraft:time_since_death":142231,"minecraft:sleep_in_bed":6,"minecraft:climb_one_cm":14148,"minecraft:time_since_rest":592,"minecraft:sprint_one_cm":310068,"minecraft:damage_taken":837,"minecraft:walk_one_cm":659191,"minecraft:drop":25,"minecraft:damage_dealt":1162,"minecraft:swim_one_cm":187,"minecraft:fly_one_cm":168271,"minecraft:talked_to_villager":28,"minecraft:open_chest":93,"minecraft:play_time":186583,"minecraft:crouch_one_cm":14490,"minecraft:sneak_time":3449,"minecraft:deaths":1,"minecraft:walk_under_water_one_cm":2623,"minecraft:jump":1313,"minecraft:walk_on_water_one_cm":6600,"minecraft:total_world_time":186583,"minecraft:fall_one_cm":26788},"minecraft:mined":{"minecraft:dandelion":13,"minecraft:powder_snow":101,"minecraft:crafting_table":10,"minecraft:glow_lichen":1,"minecraft:torch":7,"minecraft:granite":23,"minecraft:emerald_ore":3,"minecraft:grass_block":17,"minecraft:poppy":2,"minecraft:copper_ore":20,"minecraft:cobblestone":3,"minecraft:spruce_leaves":25,"minecraft:oxeye_daisy":1,"minecraft:diorite":129,"minecraft:wall_torch":14,"minecraft:furnace":2,"minecraft:carrots":8,"minecraft:iron_ore":24,"minecraft:birch_log":5,"minecraft:wheat":27,"minecraft:spruce_log":65,"minecraft:birch_leaves":1,"minecraft:andesite":42,"minecraft:azure_bluet":1,"minecraft:grass":58,"minecraft:potatoes":3,"minecraft:oak_log":10,"minecraft:coal_ore":249,"minecraft:beetroots":1,"minecraft:gravel":20,"minecraft:dirt":42,"minecraft:stone":1106,"minecraft:oak_leaves":2},"minecraft:killed":{"minecraft:pig":5,"minecraft:creeper":1,"minecraft:sheep":4,"minecraft:cow":4}},"DataVersion":3465}