{"stats":{"minecraft:dropped":{"minecraft:diamond_leggings":1,"minecraft:cobblestone":12,"minecraft:stick":9,"minecraft:torch":46,"minecraft:diamond_helmet":2,"minecraft:iron_pickaxe":2,"minecraft:gravel":22,"minecraft:stone_axe":1,"minecraft:cobbled_deepslate":458,"minecraft:tuff":99,"minecraft:white_bed":1,"minecraft:diamond_chestplate":1,"minecraft:diamond_pickaxe":1,"minecraft:spruce_slab":6,"minecraft:diamond_boots":1,"minecraft:wooden_pickaxe":3},"minecraft:broken":{"minecraft:stone_pickaxe":11},"minecraft:used":{"minecraft:oak_trapdoor":9,"minecraft:stone_shovel":60,"minecraft:spruce_planks":4,"minecraft:chest":6,"minecraft:quartz_stairs":10,"minecraft:stone_hoe":161,"minecraft:torch":438,"minecraft:dirt":6,"minecraft:carrot":12,"minecraft:diamond_helmet":2,"minecraft:snowball":3,"minecraft:quartz_pillar":6,"minecraft:hay_block":14,"minecraft:furnace":4,"minecraft:egg":2,"minecraft:cooked_beef":12,"minecraft:potato":11,"minecraft:cobbled_deepslate":156,"minecraft:wheat_seeds":46,"minecraft:cooked_mutton":2,"minecraft:water_bucket":3,"minecraft:diamond_boots":1,"minecraft:pink_glazed_terracotta":1,"minecraft:stone_pickaxe":1534,"minecraft:wooden_pickaxe":51,"minecraft:diamond_axe":47,"minecraft:crafting_table":11,"minecraft:white_bed":3,"minecraft:campfire":2,"minecraft:spruce_log":6,"minecraft:diamond_pickaxe":4763,"minecraft:diamond_shovel":91,"minecraft:bread":6,"minecraft:iron_pickaxe":93,"minecraft:spruce_sapling":2,"minecraft:stone_axe":158,"minecraft:cobblestone":252,"minecraft:purple_bed":1,"minecraft:cooked_porkchop":3,"minecraft:bucket":4},"minecraft:picked_up":{"minecraft:crafting_table":12,"minecraft:wheat":65,"minecraft:azure_bluet":3,"minecraft:wooden_pickaxe":1,"minecraft:cornflower":1,"minecraft:oak_trapdoor":1,"minecraft:raw_copper":68,"minecraft:diamond_leggings":1,"minecraft:cobbled_deepslate":1266,"minecraft:spruce_planks":16,"minecraft:beef":5,"minecraft:poppy":3,"minecraft:iron_pickaxe":1,"minecraft:quartz_stairs":1,"minecraft:chest":3,"minecraft:egg":2,"minecraft:furnace":3,"minecraft:stick":20,"minecraft:raw_iron":64,"minecraft:torch":520,"minecraft:porkchop":12,"minecraft:quartz_pillar":1,"minecraft:diorite":128,"minecraft:carrot":9,"minecraft:redstone":185,"minecraft:diamond_chestplate":1,"minecraft:beetroot_seeds":1,"minecraft:diamond_boots":1,"minecraft:mutton":10,"minecraft:snowball":3,"minecraft:white_wool":6,"minecraft:cobblestone":1702,"minecraft:birch_log":5,"minecraft:andesite":42,"minecraft:leather":5,"minecraft:potato":3,"minecraft:flint":27,"minecraft:tuff":99,"minecraft:oak_log":10,"minecraft:gunpowder":5,"minecraft:lapis_lazuli":100,"minecraft:dirt":80,"minecraft:wheat_seeds":36,"minecraft:raw_gold":54,"minecraft:stone_pickaxe":3,"minecraft:iron_ingot":2,"minecraft:diamond_helmet":2,"minecraft:dandelion":12,"minecraft:gravel":77,"minecraft:spruce_sapling":5,"minecraft:white_bed":3,"minecraft:spruce_log":63,"minecraft:diamond_shovel":1,"minecraft:purple_bed":1,"minecraft:diamond":37,"minecraft:stone_axe":3,"minecraft:granite":54,"minecraft:emerald":103,"minecraft:coal":396,"minecraft:diamond_pickaxe":1},"minecraft:crafted":{"minecraft:oak_planks":40,"minecraft:stone_shovel":2,"minecraft:purple_bed":1,"minecraft:furnace":2,"minecraft:quartz_pillar":24,"minecraft:cooked_mutton":10,"minecraft:quartz_block":24,"minecraft:diamond_helmet":1,"minecraft:diamond_leggings":1,"minecraft:spruce_wood":3,"minecraft:spruce_slab":6,"minecraft:stone_pickaxe":13,"minecraft:chest":2,"minecraft:diamond_boots":1,"minecraft:pink_glazed_terracotta":24,"minecraft:stone_hoe":1,"minecraft:red_dye":1,"minecraft:quartz_stairs":12,"minecraft:purple_terracotta":24,"minecraft:diamond_sword":1,"minecraft:emerald":5,"minecraft:cooked_porkchop":3,"minecraft:crafting_table":2,"minecraft:spruce_planks":164,"minecraft:wooden_pickaxe":2,"minecraft:birch_planks":20,"minecraft:bucket":2,"minecraft:hay_block":14,"minecraft:campfire":2,"minecraft:stone_axe":1,"minecraft:air":0,"minecraft:blue_dye":1,"minecraft:iron_chestplate":1,"minecraft:purple_dye":2,"minecraft:charcoal":8,"minecraft:stick":340,"minecraft:iron_ingot":29,"minecraft:iron_pickaxe":2,"minecraft:iron_leggings":1,"minecraft:white_bed":2,"minecraft:torch":292,"minecraft:diamond_chestplate":1},"minecraft:custom":{"minecraft:mob_kills":16,"minecraft:interact_with_anvil":3,"minecraft:animals_bred":1,"minecraft:interact_with_crafting_table":43,"minecraft:interact_with_campfire":5,"minecraft:leave_game":4,"minecraft:time_since_death":286231,"minecraft:climb_one_cm":14462,"minecraft:sprint_one_cm":544450,"minecraft:walk_one_cm":1190087,"minecraft:drop":42,"minecraft:talked_to_villager":44,"minecraft:play_time":330583,"minecraft:deaths":1,"minecraft:sneak_time":3502,"minecraft:walk_under_water_one_cm":2623,"minecraft:jump":2391,"minecraft:walk_on_water_one_cm":7130,"minecraft:total_world_time":330583,"minecraft:interact_with_furnace":36,"minecraft:traded_with_villager":101,"minecraft:interact_with_stonecutter":1,"minecraft:sleep_in_bed":8,"minecraft:time_since_rest":114374,"minecraft:damage_taken":1000,"minecraft:damage_dealt":1332,"minecraft:swim_one_cm":187,"minecraft:fly_one_cm":288524,"minecraft:open_chest":162,"minecraft:crouch_one_cm":14751,"minecraft:fall_one_cm":30374},"minecraft:mined":{"minecraft:tuff":300,"minecraft:white_bed":2,"minecraft:quartz_stairs":1,"minecraft:deepslate_diamond_ore":18,"minecraft:glow_lichen":1,"minecraft:granite":23,"minecraft:grass_block":17,"minecraft:spruce_leaves":25,"minecraft:oxeye_daisy":1,"minecraft:oak_trapdoor":1,"minecraft:furnace":2,"minecraft:carrots":8,"minecraft:iron_ore":24,"minecraft:cobbled_deepslate":3,"minecraft:andesite":42,"minecraft:deepslate_lapis_ore":22,"minecraft:azure_bluet":1,"minecraft:potatoes":3,"minecraft:deepslate_iron_ore":18,"minecraft:stone":1106,"minecraft:deepslate_redstone_ore":115,"minecraft:dandelion":13,"minecraft:powder_snow":101,"minecraft:crafting_table":10,"minecraft:cornflower":1,"minecraft:torch":9,"minecraft:emerald_ore":3,"minecraft:calcite":8,"minecraft:poppy":3,"minecraft:cobblestone":3,"minecraft:copper_ore":20,"minecraft:deepslate_gold_ore":21,"minecraft:diorite":129,"minecraft:wall_torch":32,"minecraft:amethyst_block":1,"minecraft:purple_bed":1,"minecraft:birch_log":5,"minecraft:wheat":27,"minecraft:spruce_log":65,"minecraft:birch_leaves":1,"minecraft:quartz_pillar":2,"minecraft:grass":58,"minecraft:coal_ore":249,"minecraft:oak_log":10,"minecraft:beetroots":1,"minecraft:gravel":156,"minecraft:dirt":42,"minecraft:smooth_basalt":14,"minecraft:deepslate":4185,"minecraft:oak_leaves":2},"minecraft:killed":{"minecraft:pig":5,"minecraft:creeper":1,"minecraft:sheep":4,"minecraft:enderman":1,"minecraft:cow":4}},"DataVersion":3465}