{"stats":{"minecraft:dropped":{"minecraft:wheat_seeds":1,"minecraft:diamond_axe":1,"minecraft:diamond_leggings":1,"minecraft:cobblestone":15,"minecraft:stick":9,"minecraft:torch":46,"minecraft:snowball":16,"minecraft:diamond_helmet":2,"minecraft:iron_pickaxe":2,"minecraft:gravel":22,"minecraft:stone_axe":1,"minecraft:cobbled_deepslate":458,"minecraft:tuff":99,"minecraft:rotten_flesh":5,"minecraft:diamond_shovel":1,"minecraft:white_bed":1,"minecraft:diamond_sword":1,"minecraft:diamond_chestplate":1,"minecraft:diamond_pickaxe":2,"minecraft:purple_bed":1,"minecraft:spruce_slab":6,"minecraft:diamond_boots":1,"minecraft:basalt":2,"minecraft:wooden_pickaxe":3},"minecraft:broken":{"minecraft:stone_pickaxe":11},"minecraft:used":{"minecraft:peony":1,"minecraft:oak_trapdoor":37,"minecraft:stone_shovel":60,"minecraft:chest":16,"minecraft:spruce_planks":183,"minecraft:quartz_stairs":149,"minecraft:stone_hoe":161,"minecraft:netherrack":472,"minecraft:torch":554,"minecraft:dirt":105,"minecraft:carrot":12,"minecraft:diamond_helmet":2,"minecraft:snowball":3,"minecraft:shroomlight":2,"minecraft:iron_block":8,"minecraft:quartz_pillar":135,"minecraft:lantern":34,"minecraft:quartz_slab":175,"minecraft:quartz_block":133,"minecraft:warped_nylium":1,"minecraft:glowstone":37,"minecraft:basalt":21,"minecraft:bow":31,"minecraft:hay_block":14,"minecraft:furnace":4,"minecraft:egg":2,"minecraft:potato":11,"minecraft:cooked_beef":42,"minecraft:cobbled_deepslate":163,"minecraft:pumpkin":4,"minecraft:quartz_bricks":55,"minecraft:cooked_mutton":2,"minecraft:birch_planks":1,"minecraft:wheat_seeds":162,"minecraft:water_bucket":4,"minecraft:amethyst_block":88,"minecraft:cobblestone_stairs":105,"minecraft:spruce_door":1,"minecraft:diamond_boots":1,"minecraft:pink_glazed_terracotta":30,"minecraft:oak_planks":37,"minecraft:stone_pickaxe":1534,"minecraft:blackstone":3,"minecraft:wooden_pickaxe":51,"minecraft:cobblestone_slab":1,"minecraft:diamond_axe":976,"minecraft:red_mushroom":1,"minecraft:crafting_table":12,"minecraft:white_bed":3,"minecraft:campfire":2,"minecraft:purple_terracotta":166,"minecraft:shears":2,"minecraft:spruce_log":23,"minecraft:purple_stained_glass":24,"minecraft:diamond_pickaxe":7681,"minecraft:oxeye_daisy":1,"minecraft:diamond_shovel":546,"minecraft:iron_pickaxe":93,"minecraft:string":1,"minecraft:bread":6,"minecraft:spruce_sapling":2,"minecraft:stone_axe":158,"minecraft:diamond_sword":25,"minecraft:cobblestone":356,"minecraft:purple_bed":5,"minecraft:cooked_porkchop":3,"minecraft:bucket":5,"minecraft:chain":15,"minecraft:dandelion":7,"minecraft:smooth_stone":24},"minecraft:picked_up":{"minecraft:crafting_table":12,"minecraft:wheat":65,"minecraft:azure_bluet":3,"minecraft:yellow_wool":1,"minecraft:wooden_pickaxe":1,"minecraft:oak_stairs":1,"minecraft:chain":2,"minecraft:amethyst_block":25,"minecraft:cornflower":6,"minecraft:string":262,"minecraft:oak_trapdoor":7,"minecraft:raw_copper":68,"minecraft:quartz_slab":43,"minecraft:blackstone":54,"minecraft:shroomlight":2,"minecraft:diamond_leggings":1,"minecraft:smooth_stone":9,"minecraft:gold_nugget":140,"minecraft:cobbled_deepslate":1395,"minecraft:spruce_planks":128,"minecraft:beef":5,"minecraft:cobblestone_slab":1,"minecraft:poppy":9,"minecraft:iron_pickaxe":1,"minecraft:quartz_stairs":54,"minecraft:chest":4,"minecraft:furnace":3,"minecraft:egg":2,"minecraft:golden_helmet":1,"minecraft:stick":29,"minecraft:raw_iron":64,"minecraft:torch":587,"minecraft:porkchop":12,"minecraft:quartz_pillar":62,"minecraft:diorite":130,"minecraft:carrot":9,"minecraft:redstone":185,"minecraft:purple_terracotta":19,"minecraft:quartz_block":50,"minecraft:rotten_flesh":31,"minecraft:diamond_chestplate":1,"minecraft:beetroot_seeds":1,"minecraft:peony":1,"minecraft:pink_glazed_terracotta":6,"minecraft:diamond_boots":1,"minecraft:mutton":12,"minecraft:snowball":19,"minecraft:white_wool":6,"minecraft:cobblestone":2008,"minecraft:birch_log":5,"minecraft:basalt":230,"minecraft:andesite":42,"minecraft:leather":5,"minecraft:red_mushroom":5,"minecraft:potato":3,"minecraft:birch_planks":1,"minecraft:flint":30,"minecraft:tuff":99,"minecraft:oak_log":225,"minecraft:gunpowder":6,"minecraft:cobblestone_stairs":8,"minecraft:lapis_lazuli":100,"minecraft:dirt":486,"minecraft:lantern":25,"minecraft:apple":1,"minecraft:wheat_seeds":38,"minecraft:raw_gold":54,"minecraft:iron_ingot":2,"minecraft:stone_pickaxe":3,"minecraft:diamond_helmet":2,"minecraft:glowstone_dust":191,"minecraft:oak_planks":37,"minecraft:pumpkin":64,"minecraft:warped_wart_block":1,"minecraft:quartz":480,"minecraft:dandelion":21,"minecraft:gravel":77,"minecraft:spruce_sapling":16,"minecraft:white_bed":3,"minecraft:spruce_log":377,"minecraft:spruce_door":1,"minecraft:quartz_bricks":2,"minecraft:diamond_shovel":1,"minecraft:pumpkin_seeds":8,"minecraft:purple_bed":5,"minecraft:diamond":37,"minecraft:stone_axe":3,"minecraft:granite":54,"minecraft:emerald":103,"minecraft:oak_sapling":10,"minecraft:netherrack":1281,"minecraft:warped_nylium":1,"minecraft:coal":396,"minecraft:diamond_pickaxe":1},"minecraft:crafted":{"minecraft:oak_planks":888,"minecraft:stone_shovel":2,"minecraft:purple_bed":1,"minecraft:iron_nugget":27,"minecraft:quartz_bricks":56,"minecraft:chain":13,"minecraft:furnace":2,"minecraft:cobblestone_stairs":116,"minecraft:diamond_shovel":1,"minecraft:pink_dye":4,"minecraft:cooked_mutton":10,"minecraft:quartz_pillar":25,"minecraft:oak_trapdoor":20,"minecraft:quartz_block":151,"minecraft:glass":13,"minecraft:diamond_helmet":2,"minecraft:diamond_leggings":2,"minecraft:bow":1,"minecraft:spruce_wood":3,"minecraft:spruce_slab":6,"minecraft:stone_pickaxe":13,"minecraft:chest":11,"minecraft:diamond_boots":2,"minecraft:pink_glazed_terracotta":24,"minecraft:quartz_slab":138,"minecraft:stone_hoe":1,"minecraft:red_dye":8,"minecraft:quartz_stairs":100,"minecraft:purple_terracotta":140,"minecraft:emerald":134,"minecraft:diamond_sword":1,"minecraft:arrow":4,"minecraft:purple_stained_glass":24,"minecraft:cooked_porkchop":3,"minecraft:diamond_axe":1,"minecraft:crafting_table":2,"minecraft:spruce_planks":444,"minecraft:wooden_pickaxe":2,"minecraft:bucket":2,"minecraft:hay_block":14,"minecraft:birch_planks":20,"minecraft:campfire":2,"minecraft:stone_axe":1,"minecraft:glowstone":37,"minecraft:air":0,"minecraft:blue_dye":7,"minecraft:iron_chestplate":1,"minecraft:charcoal":8,"minecraft:diamond_pickaxe":1,"minecraft:yellow_dye":2,"minecraft:purple_dye":14,"minecraft:stick":1682,"minecraft:iron_ingot":63,"minecraft:iron_pickaxe":2,"minecraft:gold_ingot":47,"minecraft:iron_leggings":1,"minecraft:white_bed":2,"minecraft:torch":364,"minecraft:shears":1,"minecraft:diamond_chestplate":2},"minecraft:custom":{"minecraft:interact_with_anvil":5,"minecraft:mob_kills":34,"minecraft:animals_bred":12,"minecraft:interact_with_crafting_table":104,"minecraft:interact_with_campfire":7,"minecraft:leave_game":9,"minecraft:time_since_death":216345,"minecraft:climb_one_cm":31286,"minecraft:sprint_one_cm":1349542,"minecraft:walk_one_cm":2785433,"minecraft:drop":56,"minecraft:talked_to_villager":108,"minecraft:play_time":715852,"minecraft:sneak_time":29753,"minecraft:deaths":2,"minecraft:walk_under_water_one_cm":2636,"minecraft:jump":4672,"minecraft:walk_on_water_one_cm":9016,"minecraft:total_world_time":715852,"minecraft:interact_with_furnace":46,"minecraft:traded_with_villager":359,"minecraft:interact_with_stonecutter":1,"minecraft:sleep_in_bed":17,"minecraft:time_since_rest":68608,"minecraft:damage_taken":3209,"minecraft:damage_dealt":3800,"minecraft:swim_one_cm":187,"minecraft:fly_one_cm":571022,"minecraft:open_chest":601,"minecraft:crouch_one_cm":71560,"minecraft:fall_one_cm":67128},"minecraft:mined":{"minecraft:nether_gold_ore":16,"minecraft:tuff":310,"minecraft:spruce_planks":113,"minecraft:white_bed":2,"minecraft:quartz_stairs":54,"minecraft:deepslate_diamond_ore":18,"minecraft:cobblestone_stairs":8,"minecraft:glow_lichen":1,"minecraft:granite":23,"minecraft:purple_terracotta":19,"minecraft:grass_block":69,"minecraft:spruce_leaves":45,"minecraft:red_mushroom":5,"minecraft:oxeye_daisy":1,"minecraft:smooth_stone":10,"minecraft:magma_block":5,"minecraft:oak_trapdoor":7,"minecraft:glowstone":67,"minecraft:furnace":2,"minecraft:carrots":8,"minecraft:iron_ore":24,"minecraft:fire":45,"minecraft:cobbled_deepslate":6,"minecraft:snow":7,"minecraft:andesite":42,"minecraft:pumpkin":65,"minecraft:deepslate_lapis_ore":26,"minecraft:peony":1,"minecraft:azure_bluet":1,"minecraft:potatoes":3,"minecraft:shroomlight":2,"minecraft:deepslate_iron_ore":18,"minecraft:oak_stairs":1,"minecraft:quartz_slab":40,"minecraft:lantern":19,"minecraft:stone":1367,"minecraft:pink_glazed_terracotta":6,"minecraft:tripwire":1,"minecraft:deepslate_redstone_ore":117,"minecraft:quartz_block":51,"minecraft:blackstone":35,"minecraft:snow_block":68,"minecraft:basalt":204,"minecraft:dandelion":22,"minecraft:powder_snow":104,"minecraft:crafting_table":10,"minecraft:cornflower":6,"minecraft:torch":31,"minecraft:emerald_ore":3,"minecraft:calcite":8,"minecraft:poppy":9,"minecraft:chest":1,"minecraft:quartz_bricks":2,"minecraft:nether_quartz_ore":245,"minecraft:copper_ore":20,"minecraft:cobblestone":49,"minecraft:deepslate_gold_ore":21,"minecraft:oak_planks":37,"minecraft:diorite":133,"minecraft:wall_torch":62,"minecraft:amethyst_block":26,"minecraft:warped_wart_block":1,"minecraft:chain":2,"minecraft:purple_bed":4,"minecraft:birch_planks":1,"minecraft:warped_nylium":1,"minecraft:birch_log":5,"minecraft:wheat":28,"minecraft:spruce_log":466,"minecraft:birch_leaves":1,"minecraft:quartz_pillar":63,"minecraft:grass":59,"minecraft:beetroots":1,"minecraft:coal_ore":249,"minecraft:oak_log":229,"minecraft:gravel":176,"minecraft:dirt":405,"minecraft:smooth_basalt":14,"minecraft:netherrack":1512,"minecraft:oak_leaves":29,"minecraft:deepslate":4363},"minecraft:killed":{"minecraft:magma_cube":2,"minecraft:piglin":3,"minecraft:pig":5,"minecraft:creeper":1,"minecraft:sheep":5,"minecraft:zombie":7,"minecraft:ghast":4,"minecraft:enderman":2,"minecraft:cow":4}},"DataVersion":3465}