{"stats":{"minecraft:used":{"minecraft:oak_trapdoor":9,"minecraft:stone_shovel":60,"minecraft:chest":9,"minecraft:spruce_planks":129,"minecraft:quartz_stairs":71,"minecraft:stone_hoe":161,"minecraft:torch":452,"minecraft:dirt":6,"minecraft:carrot":12,"minecraft:diamond_helmet":2,"minecraft:snowball":3,"minecraft:quartz_pillar":37,"minecraft:quartz_slab":76,"minecraft:lantern":13,"minecraft:quartz_block":3,"minecraft:glowstone":9,"minecraft:bow":1,"minecraft:hay_block":14,"minecraft:furnace":4,"minecraft:egg":2,"minecraft:cooked_beef":19,"minecraft:potato":11,"minecraft:cobbled_deepslate":163,"minecraft:cooked_mutton":2,"minecraft:wheat_seeds":46,"minecraft:water_bucket":3,"minecraft:amethyst_block":78,"minecraft:diamond_boots":1,"minecraft:pink_glazed_terracotta":30,"minecraft:birch_planks":1,"minecraft:stone_pickaxe":1534,"minecraft:wooden_pickaxe":51,"minecraft:diamond_axe":178,"minecraft:crafting_table":11,"minecraft:white_bed":3,"minecraft:campfire":2,"minecraft:purple_terracotta":1,"minecraft:spruce_log":23,"minecraft:diamond_pickaxe":5156,"minecraft:diamond_shovel":118,"minecraft:bread":6,"minecraft:iron_pickaxe":93,"minecraft:spruce_sapling":2,"minecraft:stone_axe":158,"minecraft:cobblestone":252,"minecraft:purple_bed":3,"minecraft:cooked_porkchop":3,"minecraft:bucket":4,"minecraft:chain":8,"minecraft:smooth_stone":5},"minecraft:killed":{"minecraft:pig":5,"minecraft:creeper":1,"minecraft:sheep":4,"minecraft:cow":4,"minecraft:enderman":2},"minecraft:custom":{"minecraft:interact_with_anvil":3,"minecraft:mob_kills":17,"minecraft:animals_bred":1,"minecraft:interact_with_crafting_table":62,"minecraft:interact_with_campfire":5,"minecraft:leave_game":5,"minecraft:time_since_death":368460,"minecraft:climb_one_cm":30244,"minecraft:sprint_one_cm":712442,"minecraft:walk_one_cm":1460543,"minecraft:drop":44,"minecraft:talked_to_villager":44,"minecraft:play_time":412812,"minecraft:deaths":1,"minecraft:sneak_time":11891,"minecraft:walk_under_water_one_cm":2623,"minecraft:jump":2959,"minecraft:walk_on_water_one_cm":7321,"minecraft:total_world_time":412812,"minecraft:interact_with_furnace":40,"minecraft:traded_with_villager":101,"minecraft:interact_with_stonecutter":1,"minecraft:sleep_in_bed":9,"minecraft:time_since_rest":55996,"minecraft:damage_taken":1659,"minecraft:damage_dealt":1563,"minecraft:swim_one_cm":187,"minecraft:fly_one_cm":339561,"minecraft:open_chest":236,"minecraft:crouch_one_cm":27858,"minecraft:fall_one_cm":40686},"minecraft:mined":{"minecraft:tuff":310,"minecraft:spruce_planks":101,"minecraft:white_bed":2,"minecraft:quartz_stairs":29,"minecraft:deepslate_diamond_ore":18,"minecraft:glow_lichen":1,"minecraft:granite":23,"minecraft:purple_terracotta":2,"minecraft:grass_block":17,"minecraft:spruce_leaves":25,"minecraft:oxeye_daisy":1,"minecraft:smooth_stone":6,"minecraft:oak_trapdoor":1,"minecraft:glowstone":20,"minecraft:furnace":2,"minecraft:carrots":8,"minecraft:iron_ore":24,"minecraft:cobbled_deepslate":6,"minecraft:andesite":42,"minecraft:deepslate_lapis_ore":26,"minecraft:azure_bluet":1,"minecraft:potatoes":3,"minecraft:deepslate_iron_ore":18,"minecraft:oak_stairs":1,"minecraft:quartz_slab":7,"minecraft:lantern":8,"minecraft:stone":1112,"minecraft:pink_glazed_terracotta":6,"minecraft:deepslate_redstone_ore":117,"minecraft:quartz_block":3,"minecraft:basalt":2,"minecraft:dandelion":13,"minecraft:powder_snow":101,"minecraft:crafting_table":10,"minecraft:cornflower":1,"minecraft:torch":10,"minecraft:emerald_ore":3,"minecraft:calcite":8,"minecraft:poppy":3,"minecraft:cobblestone":4,"minecraft:copper_ore":20,"minecraft:deepslate_gold_ore":21,"minecraft:diorite":129,"minecraft:wall_torch":51,"minecraft:amethyst_block":23,"minecraft:chain":2,"minecraft:birch_planks":1,"minecraft:purple_bed":3,"minecraft:birch_log":5,"minecraft:wheat":27,"minecraft:spruce_log":88,"minecraft:birch_leaves":1,"minecraft:quartz_pillar":20,"minecraft:grass":58,"minecraft:oak_log":10,"minecraft:coal_ore":249,"minecraft:beetroots":1,"minecraft:gravel":176,"minecraft:dirt":48,"minecraft:smooth_basalt":14,"minecraft:netherrack":64,"minecraft:oak_leaves":2,"minecraft:deepslate":4363},"minecraft:dropped":{"minecraft:diamond_leggings":1,"minecraft:cobblestone":15,"minecraft:stick":9,"minecraft:torch":46,"minecraft:diamond_helmet":2,"minecraft:iron_pickaxe":2,"minecraft:gravel":22,"minecraft:stone_axe":1,"minecraft:cobbled_deepslate":458,"minecraft:tuff":99,"minecraft:white_bed":1,"minecraft:diamond_chestplate":1,"minecraft:diamond_pickaxe":1,"minecraft:spruce_slab":6,"minecraft:diamond_boots":1,"minecraft:basalt":2,"minecraft:wooden_pickaxe":3},"minecraft:broken":{"minecraft:stone_pickaxe":11},"minecraft:picked_up":{"minecraft:crafting_table":12,"minecraft:wheat":65,"minecraft:azure_bluet":3,"minecraft:wooden_pickaxe":1,"minecraft:oak_stairs":1,"minecraft:chain":2,"minecraft:amethyst_block":22,"minecraft:string":2,"minecraft:cornflower":1,"minecraft:oak_trapdoor":1,"minecraft:raw_copper":68,"minecraft:quartz_slab":7,"minecraft:diamond_leggings":1,"minecraft:smooth_stone":5,"minecraft:cobbled_deepslate":1395,"minecraft:spruce_planks":117,"minecraft:beef":5,"minecraft:poppy":3,"minecraft:iron_pickaxe":1,"minecraft:quartz_stairs":29,"minecraft:chest":3,"minecraft:furnace":3,"minecraft:egg":2,"minecraft:stick":20,"minecraft:raw_iron":64,"minecraft:torch":539,"minecraft:porkchop":12,"minecraft:quartz_pillar":19,"minecraft:diorite":128,"minecraft:carrot":9,"minecraft:redstone":185,"minecraft:purple_terracotta":2,"minecraft:quartz_block":3,"minecraft:diamond_chestplate":1,"minecraft:beetroot_seeds":1,"minecraft:pink_glazed_terracotta":6,"minecraft:diamond_boots":1,"minecraft:mutton":10,"minecraft:snowball":3,"minecraft:white_wool":6,"minecraft:cobblestone":1705,"minecraft:birch_log":5,"minecraft:basalt":2,"minecraft:andesite":42,"minecraft:leather":5,"minecraft:potato":3,"minecraft:birch_planks":1,"minecraft:flint":30,"minecraft:tuff":99,"minecraft:oak_log":10,"minecraft:gunpowder":5,"minecraft:lapis_lazuli":100,"minecraft:dirt":86,"minecraft:lantern":11,"minecraft:wheat_seeds":36,"minecraft:raw_gold":54,"minecraft:stone_pickaxe":3,"minecraft:iron_ingot":2,"minecraft:diamond_helmet":2,"minecraft:glowstone_dust":59,"minecraft:dandelion":12,"minecraft:gravel":77,"minecraft:spruce_sapling":5,"minecraft:white_bed":3,"minecraft:spruce_log":86,"minecraft:diamond_shovel":1,"minecraft:purple_bed":3,"minecraft:diamond":37,"minecraft:stone_axe":3,"minecraft:granite":54,"minecraft:emerald":103,"minecraft:warped_nylium":1,"minecraft:netherrack":58,"minecraft:coal":396,"minecraft:diamond_pickaxe":1},"minecraft:crafted":{"minecraft:oak_planks":40,"minecraft:stone_shovel":2,"minecraft:iron_nugget":18,"minecraft:purple_bed":1,"minecraft:chain":9,"minecraft:furnace":2,"minecraft:quartz_pillar":24,"minecraft:cooked_mutton":10,"minecraft:quartz_block":24,"minecraft:bow":1,"minecraft:diamond_helmet":1,"minecraft:diamond_leggings":1,"minecraft:spruce_wood":3,"minecraft:spruce_slab":6,"minecraft:stone_pickaxe":13,"minecraft:chest":5,"minecraft:diamond_boots":1,"minecraft:pink_glazed_terracotta":24,"minecraft:quartz_slab":72,"minecraft:stone_hoe":1,"minecraft:red_dye":1,"minecraft:quartz_stairs":48,"minecraft:purple_terracotta":24,"minecraft:arrow":4,"minecraft:diamond_sword":1,"minecraft:emerald":5,"minecraft:cooked_porkchop":3,"minecraft:crafting_table":2,"minecraft:spruce_planks":188,"minecraft:wooden_pickaxe":2,"minecraft:birch_planks":20,"minecraft:bucket":2,"minecraft:hay_block":14,"minecraft:campfire":2,"minecraft:stone_axe":1,"minecraft:glowstone":9,"minecraft:air":0,"minecraft:blue_dye":1,"minecraft:iron_chestplate":1,"minecraft:charcoal":8,"minecraft:purple_dye":2,"minecraft:stick":340,"minecraft:iron_ingot":45,"minecraft:iron_pickaxe":2,"minecraft:iron_leggings":1,"minecraft:gold_ingot":47,"minecraft:white_bed":2,"minecraft:torch":292,"minecraft:diamond_chestplate":1}},"DataVersion":3465}