{"stats":{"minecraft:crafted":{"minecraft:crafting_table":2,"minecraft:spruce_planks":136,"minecraft:stone_axe":1,"minecraft:stick":168,"minecraft:stone_pickaxe":11,"minecraft:torch":160},"minecraft:dropped":{"minecraft:cobblestone":28},"minecraft:killed_by":{"minecraft:wolf":1},"minecraft:picked_up":{"minecraft:crafting_table":5,"minecraft:wheat":2,"minecraft:andesite":44,"minecraft:wooden_pickaxe":2,"minecraft:potato":4,"minecraft:flint":2,"minecraft:gunpowder":2,"minecraft:dirt":75,"minecraft:raw_copper":35,"minecraft:wheat_seeds":13,"minecraft:spruce_planks":1,"minecraft:stone_pickaxe":3,"minecraft:iron_ingot":2,"minecraft:iron_pickaxe":2,"minecraft:furnace":1,"minecraft:egg":2,"minecraft:stick":6,"minecraft:raw_iron":20,"minecraft:torch":240,"minecraft:gravel":17,"minecraft:spruce_sapling":4,"minecraft:diorite":89,"minecraft:spruce_log":36,"minecraft:carrot":3,"minecraft:stone_axe":1,"minecraft:granite":28,"minecraft:emerald":4,"minecraft:mutton":2,"minecraft:coal":206,"minecraft:white_wool":1,"minecraft:cobblestone":1068},"minecraft:used":{"minecraft:cooked_mutton":2,"minecraft:diorite":6,"minecraft:stone_pickaxe":1283,"minecraft:spruce_planks":1,"minecraft:wooden_pickaxe":67,"minecraft:torch":120,"minecraft:dirt":34,"minecraft:crafting_table":4,"minecraft:spruce_log":2,"minecraft:iron_pickaxe":2,"minecraft:stone_axe":76,"minecraft:cobblestone":102},"minecraft:killed":{"minecraft:sheep":2},"minecraft:broken":{"minecraft:stone_pickaxe":10,"minecraft:wooden_pickaxe":2},"minecraft:mined":{"minecraft:spruce_planks":1,"minecraft:powder_snow":113,"minecraft:crafting_table":3,"minecraft:torch":2,"minecraft:glow_lichen":2,"minecraft:granite":18,"minecraft:emerald_ore":2,"minecraft:grass_block":3,"minecraft:copper_ore":10,"minecraft:cobblestone":1,"minecraft:spruce_leaves":8,"minecraft:diorite":89,"minecraft:wall_torch":7,"minecraft:carrots":4,"minecraft:iron_ore":22,"minecraft:wheat":8,"minecraft:spruce_log":36,"minecraft:andesite":44,"minecraft:grass":3,"minecraft:potatoes":4,"minecraft:coal_ore":116,"minecraft:gravel":14,"minecraft:dirt":60,"minecraft:stone":954,"minecraft:oak_leaves":5},"minecraft:custom":{"minecraft:interact_with_smithing_table":1,"minecraft:interact_with_furnace":1,"minecraft:mob_kills":2,"minecraft:interact_with_crafting_table":5,"minecraft:leave_game":1,"minecraft:time_since_death":59748,"minecraft:sleep_in_bed":1,"minecraft:time_since_rest":37967,"minecraft:sprint_one_cm":60923,"minecraft:damage_taken":410,"minecraft:walk_one_cm":334027,"minecraft:drop":10,"minecraft:damage_dealt":156,"minecraft:fly_one_cm":14720,"minecraft:open_chest":4,"minecraft:crouch_one_cm":1351,"minecraft:play_time":112078,"minecraft:deaths":1,"minecraft:sneak_time":918,"minecraft:jump":872,"minecraft:walk_on_water_one_cm":3271,"minecraft:total_world_time":112078,"minecraft:fall_one_cm":13849}},"DataVersion":3465}