{"stats":{"minecraft:used":{"minecraft:iron_shovel":1073,"minecraft:chest":3,"minecraft:white_terracotta":99,"minecraft:carrot":162,"minecraft:tuff":21,"minecraft:obsidian":1,"minecraft:glass":204,"minecraft:lantern":107,"minecraft:quartz_block":12,"minecraft:bow":12,"minecraft:oak_sapling":12,"minecraft:beetroot_seeds":163,"minecraft:gold_block":1,"minecraft:diorite":20,"minecraft:spruce_door":6,"minecraft:stone_pickaxe":5281,"minecraft:oak_planks":1,"minecraft:wooden_pickaxe":67,"minecraft:diamond_axe":897,"minecraft:golden_apple":1,"minecraft:purple_terracotta":68,"minecraft:bread":4,"minecraft:gravel":32,"minecraft:diamond_sword":202,"minecraft:andesite":2,"minecraft:oak_boat":11,"minecraft:oak_fence":237,"minecraft:stone_shovel":857,"minecraft:spruce_planks":528,"minecraft:oak_door":3,"minecraft:torch":1451,"minecraft:dirt":603,"minecraft:spruce_fence":277,"minecraft:granite":29,"minecraft:oak_fence_gate":18,"minecraft:smooth_basalt":9,"minecraft:cooked_beef":14,"minecraft:cobbled_deepslate":1344,"minecraft:golden_axe":33,"minecraft:calcite":2,"minecraft:wheat_seeds":307,"minecraft:cooked_mutton":3,"minecraft:birch_planks":322,"minecraft:baked_potato":34,"minecraft:cobblestone_slab":6,"minecraft:spruce_fence_gate":10,"minecraft:crafting_table":7,"minecraft:white_bed":18,"minecraft:spruce_log":2,"minecraft:diamond_pickaxe":3413,"minecraft:apple":22,"minecraft:oxeye_daisy":2,"minecraft:diamond_shovel":386,"minecraft:iron_pickaxe":1258,"minecraft:stone_axe":493,"minecraft:cobblestone":1252,"minecraft:cooked_porkchop":9,"minecraft:dandelion":1,"minecraft:smooth_stone":1602},"minecraft:killed":{"minecraft:spider":2,"minecraft:skeleton":3,"minecraft:creeper":1,"minecraft:sheep":2,"minecraft:zombie":17,"minecraft:cow":177,"minecraft:vindicator":2},"minecraft:custom":{"minecraft:animals_bred":221,"minecraft:interact_with_crafting_table":47,"minecraft:leave_game":17,"minecraft:time_since_death":696674,"minecraft:sprint_one_cm":1810533,"minecraft:drop":219,"minecraft:talked_to_villager":59,"minecraft:play_time":1382416,"minecraft:deaths":8,"minecraft:jump":7785,"minecraft:walk_on_water_one_cm":33364,"minecraft:enchant_item":3,"minecraft:interact_with_furnace":292,"minecraft:traded_with_villager":136,"minecraft:sleep_in_bed":57,"minecraft:damage_dealt":9942,"minecraft:crouch_one_cm":65504,"minecraft:interact_with_smithing_table":1,"minecraft:mob_kills":206,"minecraft:interact_with_anvil":2,"minecraft:climb_one_cm":85119,"minecraft:walk_one_cm":6352471,"minecraft:sneak_time":19659,"minecraft:walk_under_water_one_cm":16276,"minecraft:boat_one_cm":96538,"minecraft:total_world_time":1382416,"minecraft:time_since_rest":5345,"minecraft:damage_taken":5292,"minecraft:swim_one_cm":10529,"minecraft:fly_one_cm":331859,"minecraft:open_chest":265,"minecraft:fall_one_cm":90408},"minecraft:mined":{"minecraft:spruce_planks":98,"minecraft:white_bed":20,"minecraft:oak_sapling":5,"minecraft:cobblestone_stairs":1,"minecraft:obsidian":15,"minecraft:granite":68,"minecraft:budding_amethyst":2,"minecraft:grass_block":1111,"minecraft:oxeye_daisy":2,"minecraft:smooth_stone":267,"minecraft:iron_ore":150,"minecraft:cobbled_deepslate":187,"minecraft:deepslate_lapis_ore":34,"minecraft:azure_bluet":2,"minecraft:dirt_path":8,"minecraft:deepslate_redstone_ore":136,"minecraft:amethyst_cluster":15,"minecraft:powder_snow":115,"minecraft:torch":31,"minecraft:calcite":15,"minecraft:glass":1,"minecraft:cobblestone":468,"minecraft:oak_planks":1,"minecraft:wall_torch":83,"minecraft:amethyst_block":17,"minecraft:white_terracotta":7,"minecraft:wheat":321,"minecraft:stripped_oak_wood":1,"minecraft:grass":169,"minecraft:oak_log":308,"minecraft:beetroots":161,"minecraft:oak_fence_gate":18,"minecraft:sand":235,"minecraft:dirt":636,"minecraft:smooth_basalt":13,"minecraft:oak_leaves":474,"minecraft:deepslate":4191,"minecraft:tuff":430,"minecraft:deepslate_diamond_ore":38,"minecraft:oak_door":1,"minecraft:glow_lichen":8,"minecraft:purple_terracotta":1,"minecraft:spruce_fence":123,"minecraft:spruce_leaves":48,"minecraft:redstone_ore":4,"minecraft:oak_trapdoor":2,"minecraft:carrots":166,"minecraft:snow":3,"minecraft:andesite":103,"minecraft:peony":1,"minecraft:gold_block":3,"minecraft:bell":2,"minecraft:mossy_stone_brick_stairs":1,"minecraft:potatoes":4,"minecraft:deepslate_iron_ore":25,"minecraft:cobblestone_slab":6,"minecraft:lantern":12,"minecraft:stone":2510,"minecraft:snow_block":217,"minecraft:dandelion":6,"minecraft:oak_fence":21,"minecraft:crafting_table":5,"minecraft:cornflower":1,"minecraft:emerald_ore":2,"minecraft:stone_slab":2,"minecraft:tall_grass":3,"minecraft:copper_ore":18,"minecraft:lapis_ore":4,"minecraft:deepslate_gold_ore":50,"minecraft:sculk":1,"minecraft:diorite":231,"minecraft:birch_planks":8,"minecraft:spruce_log":298,"minecraft:birch_leaves":3,"minecraft:coal_ore":466,"minecraft:gravel":244,"minecraft:spruce_fence_gate":10},"minecraft:dropped":{"minecraft:diamond_axe":2,"minecraft:oak_log":12,"minecraft:baked_potato":13,"minecraft:diamond":5,"minecraft:saddle":1,"minecraft:emerald":45,"minecraft:gold_block":1,"minecraft:dirt":595,"minecraft:cornflower":1,"minecraft:snowball":552,"minecraft:amethyst_shard":42,"minecraft:bone":13,"minecraft:gravel":10,"minecraft:cobbled_deepslate":3,"minecraft:birch_sapling":2,"minecraft:obsidian":2,"minecraft:rotten_flesh":30,"minecraft:cooked_mutton":5,"minecraft:white_bed":3,"minecraft:rabbit_foot":2,"minecraft:poppy":5,"minecraft:leather_chestplate":1,"minecraft:chest":3,"minecraft:arrow":9,"minecraft:stone_hoe":1,"minecraft:golden_boots":1,"minecraft:wheat_seeds":16,"minecraft:golden_horse_armor":1,"minecraft:cobblestone":751,"minecraft:apple":12,"minecraft:amethyst_block":19,"minecraft:granite":25,"minecraft:stick":44,"minecraft:oxeye_daisy":3,"minecraft:diorite":81,"minecraft:torch":101,"minecraft:diamond_helmet":1,"minecraft:iron_axe":1,"minecraft:smooth_stone":3,"minecraft:string":2,"minecraft:spruce_sapling":7,"minecraft:dandelion":7,"minecraft:redstone":17,"minecraft:stone_shovel":1,"minecraft:diamond_sword":1,"minecraft:shield":1,"minecraft:diamond_chestplate":1,"minecraft:spruce_planks":55,"minecraft:diamond_pickaxe":2,"minecraft:andesite":106,"minecraft:oak_sapling":6,"minecraft:spruce_log":61,"minecraft:bow":4,"minecraft:stone_pickaxe":5,"minecraft:bell":2,"minecraft:terracotta":2},"minecraft:broken":{"minecraft:iron_shovel":4,"minecraft:stone_pickaxe":40,"minecraft:stone_axe":3,"minecraft:stone_shovel":5,"minecraft:wooden_pickaxe":2,"minecraft:golden_axe":1,"minecraft:iron_pickaxe":5},"minecraft:killed_by":{"minecraft:vindicator":6,"minecraft:wolf":1,"minecraft:skeleton":1},"minecraft:picked_up":{"minecraft:iron_chestplate":3,"minecraft:wheat":317,"minecraft:diamond_sword":2,"minecraft:enchanted_book":1,"minecraft:amethyst_block":19,"minecraft:string":2,"minecraft:raw_copper":113,"minecraft:iron_leggings":1,"minecraft:beetroot":152,"minecraft:diamond_leggings":1,"minecraft:cobbled_deepslate":4271,"minecraft:smooth_stone":252,"minecraft:bucket":2,"minecraft:spruce_planks":321,"minecraft:cobblestone_slab":6,"minecraft:calcite":13,"minecraft:iron_pickaxe":5,"minecraft:furnace":1,"minecraft:stick":286,"minecraft:oak_fence":21,"minecraft:torch":439,"minecraft:diorite":401,"minecraft:rabbit_foot":4,"minecraft:quartz_block":3,"minecraft:rotten_flesh":36,"minecraft:white_terracotta":7,"minecraft:obsidian":8,"minecraft:snowball":529,"minecraft:cobblestone":3039,"minecraft:birch_log":82,"minecraft:leather_chestplate":1,"minecraft:cooked_beef":27,"minecraft:andesite":172,"minecraft:potato":4,"minecraft:flint":33,"minecraft:tuff":425,"minecraft:dirt":2167,"minecraft:lapis_lazuli":303,"minecraft:lantern":36,"minecraft:glass":47,"minecraft:bone":11,"minecraft:bow":5,"minecraft:wheat_seeds":635,"minecraft:raw_gold":73,"minecraft:bell":2,"minecraft:diamond_helmet":1,"minecraft:stone_hoe":1,"minecraft:oak_planks":1,"minecraft:sand":227,"minecraft:spruce_fence_gate":8,"minecraft:diamond":59,"minecraft:granite":123,"minecraft:emerald":47,"minecraft:oak_sapling":33,"minecraft:diamond_pickaxe":4,"minecraft:crafting_table":7,"minecraft:azure_bluet":1,"minecraft:wooden_pickaxe":2,"minecraft:gold_block":3,"minecraft:shield":3,"minecraft:cornflower":1,"minecraft:oak_trapdoor":1,"minecraft:iron_axe":1,"minecraft:iron_shovel":6,"minecraft:beef":341,"minecraft:oak_boat":14,"minecraft:poppy":4,"minecraft:birch_sapling":2,"minecraft:egg":2,"minecraft:raw_iron":296,"minecraft:oak_door":1,"minecraft:spruce_fence":116,"minecraft:carrot":493,"minecraft:redstone":650,"minecraft:purple_terracotta":37,"minecraft:arrow":155,"minecraft:diamond_chestplate":1,"minecraft:beetroot_seeds":416,"minecraft:peony":1,"minecraft:saddle":1,"minecraft:mutton":2,"minecraft:white_wool":1,"minecraft:oxeye_daisy":5,"minecraft:leather":158,"minecraft:birch_planks":28,"minecraft:oak_log":295,"minecraft:golden_boots":4,"minecraft:gunpowder":5,"minecraft:cobblestone_stairs":1,"minecraft:white_banner":1,"minecraft:apple":37,"minecraft:oak_fence_gate":17,"minecraft:iron_ingot":2,"minecraft:stone_pickaxe":18,"minecraft:smooth_basalt":12,"minecraft:dandelion":34,"minecraft:lava_bucket":1,"minecraft:gravel":313,"minecraft:amethyst_shard":50,"minecraft:spruce_sapling":11,"minecraft:white_bed":22,"minecraft:spruce_log":692,"minecraft:stone_axe":4,"minecraft:iron_helmet":1,"minecraft:diamond_axe":6,"minecraft:terracotta":4,"minecraft:baked_potato":108,"minecraft:coal":842},"minecraft:crafted":{"minecraft:oak_planks":972,"minecraft:smooth_stone":1164,"minecraft:stone":965,"minecraft:diamond_shovel":1,"minecraft:quartz_block":24,"minecraft:glass":171,"minecraft:diamond_helmet":1,"minecraft:chest":7,"minecraft:oak_fence":267,"minecraft:deepslate":27,"minecraft:emerald":69,"minecraft:cooked_porkchop":9,"minecraft:crafting_table":2,"minecraft:spruce_planks":2040,"minecraft:baked_potato":35,"minecraft:iron_helmet":1,"minecraft:spruce_door":9,"minecraft:birch_planks":396,"minecraft:iron_chestplate":1,"minecraft:charcoal":208,"minecraft:stick":2608,"minecraft:iron_ingot":339,"minecraft:iron_pickaxe":4,"minecraft:gold_ingot":9,"minecraft:spruce_fence_gate":62,"minecraft:oak_door":6,"minecraft:coal":63,"minecraft:stone_shovel":7,"minecraft:spruce_fence":192,"minecraft:lantern":31,"minecraft:stone_pickaxe":17,"minecraft:diamond_boots":1,"minecraft:cooked_beef":204,"minecraft:purple_terracotta":12,"minecraft:cooked_salmon":2,"minecraft:stone_axe":4,"minecraft:air":0,"minecraft:oak_fence_gate":64,"minecraft:golden_apple":1,"minecraft:iron_leggings":1,"minecraft:torch":1340,"minecraft:diamond_chestplate":1}},"DataVersion":3465}