{"stats":{"minecraft:broken":{"minecraft:stone_pickaxe":19,"minecraft:stone_axe":2,"minecraft:stone_shovel":4,"minecraft:wooden_pickaxe":2},"minecraft:custom":{"minecraft:interact_with_smithing_table":1,"minecraft:interact_with_furnace":89,"minecraft:mob_kills":3,"minecraft:animals_bred":1,"minecraft:interact_with_crafting_table":17,"minecraft:leave_game":4,"minecraft:time_since_death":352606,"minecraft:sleep_in_bed":20,"minecraft:time_since_rest":3673,"minecraft:sprint_one_cm":372743,"minecraft:damage_taken":880,"minecraft:walk_one_cm":2029991,"minecraft:drop":30,"minecraft:damage_dealt":265,"minecraft:swim_one_cm":656,"minecraft:talked_to_villager":3,"minecraft:fly_one_cm":55746,"minecraft:open_chest":32,"minecraft:crouch_one_cm":10789,"minecraft:play_time":404936,"minecraft:deaths":1,"minecraft:sneak_time":4356,"minecraft:walk_under_water_one_cm":59,"minecraft:boat_one_cm":96538,"minecraft:jump":2415,"minecraft:walk_on_water_one_cm":10812,"minecraft:total_world_time":404936,"minecraft:fall_one_cm":38242},"minecraft:mined":{"minecraft:spruce_planks":1,"minecraft:white_bed":3,"minecraft:cobblestone_stairs":1,"minecraft:dandelion":5,"minecraft:powder_snow":115,"minecraft:crafting_table":4,"minecraft:cornflower":1,"minecraft:torch":21,"minecraft:glow_lichen":2,"minecraft:granite":19,"minecraft:emerald_ore":2,"minecraft:grass_block":234,"minecraft:tall_grass":3,"minecraft:copper_ore":10,"minecraft:cobblestone":187,"minecraft:spruce_leaves":9,"minecraft:oxeye_daisy":2,"minecraft:diorite":179,"minecraft:wall_torch":27,"minecraft:white_terracotta":1,"minecraft:smooth_stone":106,"minecraft:birch_planks":8,"minecraft:oak_trapdoor":2,"minecraft:carrots":4,"minecraft:iron_ore":33,"minecraft:wheat":8,"minecraft:stripped_oak_wood":1,"minecraft:spruce_log":62,"minecraft:birch_leaves":3,"minecraft:andesite":70,"minecraft:peony":1,"minecraft:azure_bluet":2,"minecraft:bell":2,"minecraft:grass":153,"minecraft:oak_log":139,"minecraft:potatoes":4,"minecraft:coal_ore":200,"minecraft:dirt_path":6,"minecraft:cobblestone_slab":6,"minecraft:sand":156,"minecraft:gravel":60,"minecraft:dirt":364,"minecraft:stone":1475,"minecraft:oak_leaves":185},"minecraft:picked_up":{"minecraft:birch_log":82,"minecraft:crafting_table":6,"minecraft:wheat":66,"minecraft:andesite":64,"minecraft:wooden_pickaxe":2,"minecraft:potato":4,"minecraft:birch_planks":8,"minecraft:flint":8,"minecraft:oak_log":129,"minecraft:cobblestone_stairs":1,"minecraft:oak_trapdoor":1,"minecraft:gunpowder":2,"minecraft:dirt":561,"minecraft:cornflower":1,"minecraft:raw_copper":35,"minecraft:apple":2,"minecraft:wheat_seeds":30,"minecraft:smooth_stone":103,"minecraft:bell":2,"minecraft:spruce_planks":1,"minecraft:stone_pickaxe":3,"minecraft:iron_ingot":2,"minecraft:cobblestone_slab":6,"minecraft:oak_boat":13,"minecraft:iron_pickaxe":2,"minecraft:birch_sapling":2,"minecraft:egg":2,"minecraft:furnace":1,"minecraft:stick":14,"minecraft:raw_iron":31,"minecraft:torch":273,"minecraft:dandelion":6,"minecraft:gravel":64,"minecraft:sand":150,"minecraft:white_bed":3,"minecraft:spruce_sapling":4,"minecraft:diorite":175,"minecraft:carrot":3,"minecraft:spruce_log":62,"minecraft:rabbit_foot":2,"minecraft:rotten_flesh":4,"minecraft:peony":1,"minecraft:stone_axe":1,"minecraft:granite":29,"minecraft:emerald":4,"minecraft:white_terracotta":1,"minecraft:oak_sapling":8,"minecraft:coal":282,"minecraft:mutton":2,"minecraft:white_wool":1,"minecraft:cobblestone":1708,"minecraft:oxeye_daisy":5},"minecraft:killed_by":{"minecraft:wolf":1},"minecraft:used":{"minecraft:cooked_mutton":3,"minecraft:diorite":10,"minecraft:birch_planks":322,"minecraft:stone_shovel":761,"minecraft:stone_pickaxe":2491,"minecraft:white_terracotta":93,"minecraft:spruce_planks":1,"minecraft:wooden_pickaxe":67,"minecraft:cobblestone_slab":6,"minecraft:torch":286,"minecraft:dirt":398,"minecraft:crafting_table":6,"minecraft:white_bed":2,"minecraft:spruce_log":2,"minecraft:glass":103,"minecraft:oxeye_daisy":2,"minecraft:iron_pickaxe":81,"minecraft:stone_axe":354,"minecraft:cobblestone":1133,"minecraft:cooked_porkchop":9,"minecraft:oak_boat":11,"minecraft:dandelion":1,"minecraft:smooth_stone":805},"minecraft:killed":{"minecraft:sheep":2,"minecraft:zombie":1},"minecraft:dropped":{"minecraft:wheat_seeds":7,"minecraft:birch_sapling":2,"minecraft:cobblestone":28,"minecraft:rotten_flesh":4,"minecraft:cooked_mutton":5,"minecraft:rabbit_foot":1,"minecraft:oxeye_daisy":3,"minecraft:cornflower":1,"minecraft:oak_sapling":2,"minecraft:chest":3,"minecraft:stone_pickaxe":1,"minecraft:bell":2,"minecraft:dandelion":5},"minecraft:crafted":{"minecraft:smooth_stone":482,"minecraft:stone_shovel":7,"minecraft:cooked_porkchop":9,"minecraft:crafting_table":2,"minecraft:spruce_planks":136,"minecraft:iron_helmet":1,"minecraft:stone":283,"minecraft:birch_planks":328,"minecraft:stone_axe":4,"minecraft:glass":107,"minecraft:iron_chestplate":1,"minecraft:stick":168,"minecraft:iron_ingot":24,"minecraft:stone_pickaxe":17,"minecraft:chest":3,"minecraft:iron_leggings":1,"minecraft:torch":260}},"DataVersion":3465}