{"stats":{"minecraft:dropped":{"minecraft:diamond_axe":2,"minecraft:oak_log":12,"minecraft:baked_potato":13,"minecraft:ender_pearl":1,"minecraft:diamond":5,"minecraft:saddle":1,"minecraft:emerald":141,"minecraft:gold_block":1,"minecraft:dirt":595,"minecraft:cornflower":1,"minecraft:snowball":555,"minecraft:amethyst_shard":42,"minecraft:bone":13,"minecraft:gravel":10,"minecraft:cobbled_deepslate":137,"minecraft:wheat":64,"minecraft:birch_sapling":2,"minecraft:obsidian":2,"minecraft:rotten_flesh":39,"minecraft:cooked_mutton":5,"minecraft:white_bed":4,"minecraft:rabbit_foot":2,"minecraft:poppy":5,"minecraft:leather_chestplate":1,"minecraft:chest":3,"minecraft:arrow":9,"minecraft:quartz":3,"minecraft:golden_boots":1,"minecraft:stone_hoe":1,"minecraft:wheat_seeds":1059,"minecraft:golden_horse_armor":1,"minecraft:diamond_leggings":2,"minecraft:cobblestone":751,"minecraft:amethyst_block":19,"minecraft:apple":12,"minecraft:granite":25,"minecraft:stick":44,"minecraft:oxeye_daisy":3,"minecraft:diorite":81,"minecraft:torch":175,"minecraft:diamond_helmet":4,"minecraft:iron_axe":1,"minecraft:smooth_stone":3,"minecraft:string":2,"minecraft:spruce_sapling":7,"minecraft:dandelion":7,"minecraft:redstone":17,"minecraft:stone_shovel":1,"minecraft:diamond_sword":1,"minecraft:shield":1,"minecraft:diamond_chestplate":3,"minecraft:spruce_planks":55,"minecraft:diamond_pickaxe":4,"minecraft:andesite":106,"minecraft:oak_sapling":6,"minecraft:diamond_boots":1,"minecraft:spruce_log":61,"minecraft:bow":4,"minecraft:stone_pickaxe":5,"minecraft:bell":2,"minecraft:terracotta":2},"minecraft:broken":{"minecraft:iron_shovel":6,"minecraft:stone_pickaxe":40,"minecraft:diamond_shovel":1,"minecraft:stone_axe":3,"minecraft:stone_shovel":5,"minecraft:stone_hoe":1,"minecraft:wooden_pickaxe":2,"minecraft:golden_axe":1,"minecraft:iron_pickaxe":5},"minecraft:used":{"minecraft:iron_shovel":1249,"minecraft:diamond_hoe":1029,"minecraft:chest":31,"minecraft:white_terracotta":99,"minecraft:quartz_stairs":24,"minecraft:carrot":430,"minecraft:tuff":21,"minecraft:obsidian":1,"minecraft:glass":204,"minecraft:quartz_pillar":46,"minecraft:lantern":182,"minecraft:quartz_block":360,"minecraft:item_frame":1,"minecraft:bow":12,"minecraft:oak_sapling":91,"minecraft:furnace":4,"minecraft:beetroot_seeds":745,"minecraft:gold_block":1,"minecraft:diorite":20,"minecraft:spruce_door":10,"minecraft:stone_pickaxe":5281,"minecraft:oak_planks":32,"minecraft:blackstone":5,"minecraft:wooden_pickaxe":67,"minecraft:sugar_cane":2,"minecraft:diamond_axe":1817,"minecraft:golden_apple":1,"minecraft:purple_terracotta":446,"minecraft:pumpkin_seeds":2,"minecraft:string":3,"minecraft:bread":4,"minecraft:gravel":34,"minecraft:diamond_sword":337,"minecraft:andesite":2,"minecraft:oak_boat":11,"minecraft:oak_fence":417,"minecraft:oak_trapdoor":6,"minecraft:stone_shovel":857,"minecraft:spruce_planks":531,"minecraft:stone_hoe":179,"minecraft:netherrack":280,"minecraft:oak_door":18,"minecraft:torch":1998,"minecraft:dirt":6652,"minecraft:anvil":1,"minecraft:granite":29,"minecraft:spruce_fence":308,"minecraft:oak_fence_gate":23,"minecraft:oak_stairs":283,"minecraft:smooth_basalt":9,"minecraft:basalt":11,"minecraft:cooked_beef":51,"minecraft:cobbled_deepslate":1912,"minecraft:golden_axe":33,"minecraft:calcite":2,"minecraft:wheat_seeds":2030,"minecraft:cooked_mutton":3,"minecraft:water_bucket":17,"minecraft:birch_planks":325,"minecraft:baked_potato":34,"minecraft:spruce_fence_gate":12,"minecraft:stonecutter":1,"minecraft:cobblestone_slab":13,"minecraft:crafting_table":8,"minecraft:white_bed":39,"minecraft:spruce_log":2,"minecraft:diamond_pickaxe":6795,"minecraft:apple":23,"minecraft:oxeye_daisy":2,"minecraft:diamond_shovel":8678,"minecraft:iron_pickaxe":1258,"minecraft:spruce_sapling":31,"minecraft:stone_axe":493,"minecraft:cobblestone":1358,"minecraft:cooked_porkchop":9,"minecraft:bucket":18,"minecraft:dandelion":1,"minecraft:smooth_stone":1828},"minecraft:picked_up":{"minecraft:iron_chestplate":3,"minecraft:wheat":1366,"minecraft:diamond_sword":2,"minecraft:oak_stairs":8,"minecraft:enchanted_book":6,"minecraft:amethyst_block":19,"minecraft:string":2777,"minecraft:raw_copper":113,"minecraft:iron_leggings":1,"minecraft:beetroot":515,"minecraft:diamond_leggings":3,"minecraft:cobbled_deepslate":5501,"minecraft:gold_nugget":15,"minecraft:smooth_stone":276,"minecraft:bucket":2,"minecraft:spruce_planks":329,"minecraft:cobblestone_slab":13,"minecraft:calcite":13,"minecraft:iron_pickaxe":5,"minecraft:furnace":5,"minecraft:stick":297,"minecraft:oak_fence":41,"minecraft:torch":611,"minecraft:diorite":403,"minecraft:rabbit_foot":4,"minecraft:quartz_block":25,"minecraft:rotten_flesh":41,"minecraft:white_terracotta":7,"minecraft:obsidian":8,"minecraft:snowball":532,"minecraft:cobblestone":4048,"minecraft:birch_log":82,"minecraft:leather_chestplate":1,"minecraft:cooked_beef":27,"minecraft:andesite":172,"minecraft:potato":4,"minecraft:flint":43,"minecraft:tuff":531,"minecraft:lapis_lazuli":343,"minecraft:dirt":10008,"minecraft:lantern":38,"minecraft:glass":47,"minecraft:bone":11,"minecraft:stonecutter":1,"minecraft:bow":5,"minecraft:wheat_seeds":3654,"minecraft:raw_gold":82,"minecraft:bell":2,"minecraft:diamond_helmet":4,"minecraft:stone_hoe":1,"minecraft:oak_planks":32,"minecraft:sand":227,"minecraft:grass_block":1,"minecraft:spruce_fence_gate":10,"minecraft:diamond":87,"minecraft:granite":123,"minecraft:emerald":47,"minecraft:oak_sapling":55,"minecraft:netherrack":188,"minecraft:diamond_pickaxe":6,"minecraft:crafting_table":8,"minecraft:azure_bluet":1,"minecraft:wooden_pickaxe":2,"minecraft:gold_block":3,"minecraft:shield":3,"minecraft:cornflower":1,"minecraft:oak_trapdoor":7,"minecraft:iron_axe":1,"minecraft:iron_shovel":6,"minecraft:blackstone":10,"minecraft:beef":712,"minecraft:oak_boat":14,"minecraft:poppy":4,"minecraft:quartz_stairs":1,"minecraft:sugar_cane":283,"minecraft:chest":2,"minecraft:birch_sapling":2,"minecraft:egg":2,"minecraft:raw_iron":318,"minecraft:oak_door":14,"minecraft:spruce_fence":144,"minecraft:quartz_pillar":10,"minecraft:carrot":1042,"minecraft:redstone":778,"minecraft:purple_terracotta":56,"minecraft:arrow":155,"minecraft:diamond_chestplate":3,"minecraft:beetroot_seeds":1391,"minecraft:peony":1,"minecraft:diamond_boots":1,"minecraft:saddle":1,"minecraft:mutton":2,"minecraft:white_wool":1,"minecraft:oxeye_daisy":6,"minecraft:basalt":23,"minecraft:leather":406,"minecraft:birch_planks":32,"minecraft:oak_log":840,"minecraft:golden_boots":4,"minecraft:gunpowder":8,"minecraft:cobblestone_stairs":1,"minecraft:white_banner":1,"minecraft:apple":38,"minecraft:oak_fence_gate":19,"minecraft:iron_ingot":2,"minecraft:stone_pickaxe":18,"minecraft:smooth_basalt":13,"minecraft:pumpkin":56,"minecraft:quartz":47,"minecraft:dandelion":34,"minecraft:lava_bucket":1,"minecraft:gravel":344,"minecraft:amethyst_shard":86,"minecraft:spruce_sapling":42,"minecraft:white_bed":44,"minecraft:spruce_log":692,"minecraft:spruce_door":4,"minecraft:spider_eye":1,"minecraft:pumpkin_seeds":2,"minecraft:purple_bed":1,"minecraft:stone_axe":4,"minecraft:iron_helmet":1,"minecraft:diamond_axe":6,"minecraft:terracotta":4,"minecraft:baked_potato":108,"minecraft:coal":992,"minecraft:ender_pearl":2},"minecraft:crafted":{"minecraft:oak_planks":2508,"minecraft:smooth_stone":1164,"minecraft:stone":1194,"minecraft:diamond_shovel":2,"minecraft:quartz_pillar":192,"minecraft:quartz_block":395,"minecraft:glass":171,"minecraft:diamond_helmet":1,"minecraft:chest":33,"minecraft:stone_hoe":1,"minecraft:oak_fence":390,"minecraft:quartz_stairs":24,"minecraft:item_frame":1,"minecraft:deepslate":27,"minecraft:emerald":1335,"minecraft:cooked_porkchop":9,"minecraft:diamond_axe":3,"minecraft:crafting_table":3,"minecraft:spruce_planks":2040,"minecraft:iron_helmet":1,"minecraft:baked_potato":35,"minecraft:spruce_door":9,"minecraft:birch_planks":396,"minecraft:iron_chestplate":1,"minecraft:book":31,"minecraft:paper":93,"minecraft:charcoal":208,"minecraft:shield":1,"minecraft:stick":3356,"minecraft:iron_ingot":339,"minecraft:iron_pickaxe":4,"minecraft:gold_ingot":9,"minecraft:spruce_fence_gate":62,"minecraft:oak_door":6,"minecraft:coal":360,"minecraft:stone_shovel":7,"minecraft:diamond_hoe":1,"minecraft:spruce_fence":192,"minecraft:lantern":91,"minecraft:stone_pickaxe":17,"minecraft:diamond_boots":1,"minecraft:cooked_beef":457,"minecraft:coal_block":26,"minecraft:purple_terracotta":350,"minecraft:cooked_salmon":2,"minecraft:stone_axe":4,"minecraft:enchanted_book":7,"minecraft:air":0,"minecraft:oak_fence_gate":64,"minecraft:golden_apple":1,"minecraft:oak_stairs":384,"minecraft:iron_leggings":1,"minecraft:anvil":1,"minecraft:torch":1788,"minecraft:lapis_lazuli":27,"minecraft:diamond_chestplate":1},"minecraft:custom":{"minecraft:animals_bred":404,"minecraft:interact_with_crafting_table":76,"minecraft:leave_game":26,"minecraft:time_since_death":1827659,"minecraft:sprint_one_cm":3319149,"minecraft:drop":267,"minecraft:talked_to_villager":404,"minecraft:play_time":2513401,"minecraft:deaths":8,"minecraft:jump":11719,"minecraft:walk_on_water_one_cm":37782,"minecraft:enchant_item":18,"minecraft:interact_with_furnace":314,"minecraft:traded_with_villager":2362,"minecraft:sleep_in_bed":116,"minecraft:damage_dealt":17605,"minecraft:crouch_one_cm":155921,"minecraft:interact_with_smithing_table":2,"minecraft:mob_kills":355,"minecraft:interact_with_anvil":20,"minecraft:climb_one_cm":116384,"minecraft:walk_one_cm":12370185,"minecraft:sneak_time":43717,"minecraft:walk_under_water_one_cm":16276,"minecraft:boat_one_cm":96538,"minecraft:total_world_time":2513401,"minecraft:raid_trigger":1,"minecraft:interact_with_stonecutter":1,"minecraft:time_since_rest":30374,"minecraft:damage_taken":6007,"minecraft:swim_one_cm":10529,"minecraft:fly_one_cm":503632,"minecraft:open_chest":800,"minecraft:fall_one_cm":130173},"minecraft:killed_by":{"minecraft:vindicator":6,"minecraft:wolf":1,"minecraft:skeleton":1},"minecraft:mined":{"minecraft:large_amethyst_bud":1,"minecraft:spruce_planks":106,"minecraft:white_bed":41,"minecraft:oak_sapling":6,"minecraft:farmland":6,"minecraft:cobblestone_stairs":1,"minecraft:obsidian":15,"minecraft:granite":68,"minecraft:budding_amethyst":2,"minecraft:grass_block":3795,"minecraft:oxeye_daisy":3,"minecraft:smooth_stone":389,"minecraft:iron_ore":154,"minecraft:cobbled_deepslate":685,"minecraft:pumpkin":56,"minecraft:deepslate_lapis_ore":36,"minecraft:azure_bluet":2,"minecraft:dirt_path":25,"minecraft:oak_stairs":8,"minecraft:deepslate_redstone_ore":159,"minecraft:quartz_block":15,"minecraft:blackstone":10,"minecraft:medium_amethyst_bud":1,"minecraft:amethyst_cluster":20,"minecraft:powder_snow":115,"minecraft:torch":86,"minecraft:calcite":15,"minecraft:chest":3,"minecraft:glass":1,"minecraft:nether_quartz_ore":29,"minecraft:cobblestone":532,"minecraft:sugar_cane":142,"minecraft:oak_planks":18,"minecraft:wall_torch":172,"minecraft:amethyst_block":17,"minecraft:white_terracotta":7,"minecraft:wheat":1389,"minecraft:stripped_oak_wood":1,"minecraft:grass":222,"minecraft:oak_log":863,"minecraft:beetroots":528,"minecraft:oak_fence_gate":20,"minecraft:sand":235,"minecraft:dirt":5495,"minecraft:smooth_basalt":24,"minecraft:stonecutter":1,"minecraft:netherrack":277,"minecraft:oak_leaves":884,"minecraft:deepslate":5215,"minecraft:nether_gold_ore":2,"minecraft:tuff":540,"minecraft:quartz_stairs":1,"minecraft:deepslate_diamond_ore":50,"minecraft:oak_door":14,"minecraft:glow_lichen":8,"minecraft:purple_terracotta":21,"minecraft:spruce_fence":154,"minecraft:spruce_leaves":48,"minecraft:redstone_ore":4,"minecraft:oak_trapdoor":8,"minecraft:spruce_sapling":31,"minecraft:furnace":4,"minecraft:carrots":319,"minecraft:snow":6,"minecraft:andesite":103,"minecraft:peony":1,"minecraft:gold_block":3,"minecraft:bell":2,"minecraft:mossy_stone_brick_stairs":1,"minecraft:potatoes":4,"minecraft:deepslate_iron_ore":30,"minecraft:cobblestone_slab":13,"minecraft:lantern":15,"minecraft:stone":3479,"minecraft:podzol":627,"minecraft:snow_block":217,"minecraft:basalt":19,"minecraft:spruce_door":4,"minecraft:dandelion":6,"minecraft:oak_fence":42,"minecraft:crafting_table":6,"minecraft:cornflower":1,"minecraft:emerald_ore":2,"minecraft:stone_slab":2,"minecraft:tall_grass":11,"minecraft:copper_ore":18,"minecraft:lapis_ore":4,"minecraft:deepslate_gold_ore":57,"minecraft:sculk":1,"minecraft:diorite":233,"minecraft:birch_planks":12,"minecraft:spruce_log":298,"minecraft:birch_leaves":3,"minecraft:quartz_pillar":10,"minecraft:coal_ore":533,"minecraft:gravel":291,"minecraft:spruce_fence_gate":12},"minecraft:killed":{"minecraft:zombified_piglin":2,"minecraft:spider":4,"minecraft:skeleton":5,"minecraft:creeper":2,"minecraft:sheep":2,"minecraft:pillager":5,"minecraft:zombie":23,"minecraft:cow":306,"minecraft:vindicator":2,"minecraft:enderman":1}},"DataVersion":3465}