{"stats":{"minecraft:used":{"minecraft:iron_shovel":1073,"minecraft:stone_shovel":835,"minecraft:chest":3,"minecraft:spruce_planks":527,"minecraft:white_terracotta":99,"minecraft:oak_door":1,"minecraft:torch":1126,"minecraft:dirt":555,"minecraft:carrot":2,"minecraft:tuff":21,"minecraft:granite":29,"minecraft:obsidian":1,"minecraft:glass":204,"minecraft:smooth_basalt":9,"minecraft:bow":12,"minecraft:oak_sapling":6,"minecraft:gold_block":1,"minecraft:cobbled_deepslate":507,"minecraft:golden_axe":33,"minecraft:calcite":2,"minecraft:cooked_mutton":3,"minecraft:diorite":14,"minecraft:spruce_door":6,"minecraft:birch_planks":322,"minecraft:baked_potato":18,"minecraft:stone_pickaxe":5281,"minecraft:oak_planks":1,"minecraft:cobblestone_slab":6,"minecraft:wooden_pickaxe":67,"minecraft:diamond_axe":710,"minecraft:golden_apple":1,"minecraft:crafting_table":7,"minecraft:white_bed":11,"minecraft:spruce_log":2,"minecraft:diamond_pickaxe":2177,"minecraft:apple":22,"minecraft:oxeye_daisy":2,"minecraft:iron_pickaxe":1258,"minecraft:bread":4,"minecraft:gravel":16,"minecraft:stone_axe":493,"minecraft:cobblestone":1230,"minecraft:cooked_porkchop":9,"minecraft:oak_boat":11,"minecraft:dandelion":1,"minecraft:smooth_stone":1285},"minecraft:killed":{"minecraft:vindicator":2,"minecraft:creeper":1,"minecraft:sheep":2,"minecraft:zombie":4},"minecraft:custom":{"minecraft:interact_with_smithing_table":1,"minecraft:interact_with_anvil":1,"minecraft:mob_kills":9,"minecraft:animals_bred":1,"minecraft:interact_with_crafting_table":33,"minecraft:leave_game":13,"minecraft:time_since_death":313056,"minecraft:climb_one_cm":84395,"minecraft:sprint_one_cm":1146506,"minecraft:walk_one_cm":4223448,"minecraft:drop":165,"minecraft:talked_to_villager":3,"minecraft:play_time":998798,"minecraft:sneak_time":9904,"minecraft:deaths":8,"minecraft:walk_under_water_one_cm":12472,"minecraft:boat_one_cm":96538,"minecraft:jump":5280,"minecraft:walk_on_water_one_cm":27658,"minecraft:total_world_time":998798,"minecraft:interact_with_furnace":186,"minecraft:sleep_in_bed":38,"minecraft:time_since_rest":9993,"minecraft:damage_taken":4200,"minecraft:damage_dealt":1293,"minecraft:swim_one_cm":8443,"minecraft:fly_one_cm":228038,"minecraft:open_chest":162,"minecraft:crouch_one_cm":24762,"minecraft:fall_one_cm":59848},"minecraft:mined":{"minecraft:tuff":430,"minecraft:spruce_planks":98,"minecraft:white_bed":12,"minecraft:oak_sapling":4,"minecraft:deepslate_diamond_ore":38,"minecraft:oak_door":1,"minecraft:cobblestone_stairs":1,"minecraft:obsidian":14,"minecraft:glow_lichen":8,"minecraft:granite":55,"minecraft:budding_amethyst":2,"minecraft:grass_block":902,"minecraft:spruce_leaves":48,"minecraft:oxeye_daisy":2,"minecraft:smooth_stone":246,"minecraft:oak_trapdoor":2,"minecraft:carrots":6,"minecraft:iron_ore":77,"minecraft:cobbled_deepslate":39,"minecraft:snow":3,"minecraft:andesite":93,"minecraft:deepslate_lapis_ore":34,"minecraft:peony":1,"minecraft:gold_block":3,"minecraft:azure_bluet":2,"minecraft:bell":2,"minecraft:mossy_stone_brick_stairs":1,"minecraft:potatoes":4,"minecraft:dirt_path":8,"minecraft:deepslate_iron_ore":25,"minecraft:cobblestone_slab":6,"minecraft:stone":2079,"minecraft:deepslate_redstone_ore":136,"minecraft:snow_block":217,"minecraft:amethyst_cluster":15,"minecraft:dandelion":5,"minecraft:powder_snow":115,"minecraft:cornflower":1,"minecraft:crafting_table":5,"minecraft:torch":25,"minecraft:emerald_ore":2,"minecraft:calcite":15,"minecraft:copper_ore":13,"minecraft:stone_slab":2,"minecraft:tall_grass":3,"minecraft:glass":1,"minecraft:cobblestone":198,"minecraft:deepslate_gold_ore":50,"minecraft:lapis_ore":4,"minecraft:oak_planks":1,"minecraft:sculk":1,"minecraft:diorite":213,"minecraft:wall_torch":72,"minecraft:amethyst_block":17,"minecraft:white_terracotta":7,"minecraft:birch_planks":8,"minecraft:wheat":11,"minecraft:spruce_log":298,"minecraft:birch_leaves":3,"minecraft:stripped_oak_wood":1,"minecraft:grass":161,"minecraft:oak_log":308,"minecraft:coal_ore":255,"minecraft:gravel":234,"minecraft:sand":235,"minecraft:dirt":437,"minecraft:smooth_basalt":13,"minecraft:oak_leaves":474,"minecraft:deepslate":4191},"minecraft:dropped":{"minecraft:wheat_seeds":14,"minecraft:oak_log":12,"minecraft:diamond":5,"minecraft:golden_horse_armor":1,"minecraft:cobblestone":280,"minecraft:apple":12,"minecraft:amethyst_block":19,"minecraft:saddle":1,"minecraft:stick":44,"minecraft:gold_block":1,"minecraft:oxeye_daisy":3,"minecraft:dirt":576,"minecraft:diorite":70,"minecraft:torch":76,"minecraft:cornflower":1,"minecraft:snowball":552,"minecraft:amethyst_shard":42,"minecraft:smooth_stone":2,"minecraft:spruce_sapling":7,"minecraft:dandelion":5,"minecraft:redstone":17,"minecraft:cobbled_deepslate":3,"minecraft:birch_sapling":2,"minecraft:obsidian":2,"minecraft:rotten_flesh":4,"minecraft:cooked_mutton":5,"minecraft:rabbit_foot":2,"minecraft:poppy":4,"minecraft:shield":1,"minecraft:spruce_planks":1,"minecraft:diamond_pickaxe":1,"minecraft:andesite":101,"minecraft:oak_sapling":6,"minecraft:chest":3,"minecraft:spruce_log":61,"minecraft:bow":1,"minecraft:stone_pickaxe":5,"minecraft:bell":2,"minecraft:terracotta":2},"minecraft:broken":{"minecraft:iron_shovel":4,"minecraft:wooden_pickaxe":2,"minecraft:stone_pickaxe":40,"minecraft:golden_axe":1,"minecraft:stone_axe":3,"minecraft:iron_pickaxe":5,"minecraft:stone_shovel":5},"minecraft:killed_by":{"minecraft:wolf":1,"minecraft:vindicator":6,"minecraft:skeleton":1},"minecraft:picked_up":{"minecraft:crafting_table":7,"minecraft:iron_chestplate":3,"minecraft:wheat":66,"minecraft:azure_bluet":1,"minecraft:diamond_sword":1,"minecraft:wooden_pickaxe":2,"minecraft:gold_block":3,"minecraft:enchanted_book":1,"minecraft:shield":3,"minecraft:amethyst_block":19,"minecraft:cornflower":1,"minecraft:oak_trapdoor":1,"minecraft:raw_copper":94,"minecraft:iron_leggings":1,"minecraft:iron_shovel":5,"minecraft:diamond_leggings":1,"minecraft:cobbled_deepslate":4197,"minecraft:smooth_stone":231,"minecraft:bucket":2,"minecraft:spruce_planks":282,"minecraft:oak_boat":14,"minecraft:cobblestone_slab":6,"minecraft:calcite":13,"minecraft:poppy":4,"minecraft:iron_pickaxe":5,"minecraft:birch_sapling":2,"minecraft:furnace":1,"minecraft:egg":2,"minecraft:stick":222,"minecraft:raw_iron":102,"minecraft:oak_door":1,"minecraft:torch":410,"minecraft:diorite":384,"minecraft:carrot":6,"minecraft:redstone":632,"minecraft:rabbit_foot":4,"minecraft:arrow":146,"minecraft:rotten_flesh":6,"minecraft:peony":1,"minecraft:saddle":1,"minecraft:white_terracotta":7,"minecraft:snowball":529,"minecraft:obsidian":8,"minecraft:mutton":2,"minecraft:white_wool":1,"minecraft:cobblestone":2540,"minecraft:oxeye_daisy":5,"minecraft:birch_log":82,"minecraft:andesite":165,"minecraft:potato":4,"minecraft:birch_planks":28,"minecraft:flint":25,"minecraft:tuff":425,"minecraft:oak_log":294,"minecraft:golden_boots":3,"minecraft:gunpowder":5,"minecraft:cobblestone_stairs":1,"minecraft:lapis_lazuli":263,"minecraft:dirt":1832,"minecraft:white_banner":1,"minecraft:glass":47,"minecraft:apple":37,"minecraft:bow":2,"minecraft:wheat_seeds":38,"minecraft:raw_gold":63,"minecraft:bell":2,"minecraft:iron_ingot":2,"minecraft:stone_pickaxe":18,"minecraft:oak_planks":1,"minecraft:smooth_basalt":12,"minecraft:dandelion":30,"minecraft:gravel":282,"minecraft:sand":227,"minecraft:amethyst_shard":50,"minecraft:spruce_sapling":11,"minecraft:white_bed":12,"minecraft:spruce_log":529,"minecraft:diamond":59,"minecraft:stone_axe":4,"minecraft:iron_helmet":1,"minecraft:granite":98,"minecraft:diamond_axe":4,"minecraft:emerald":4,"minecraft:terracotta":4,"minecraft:baked_potato":84,"minecraft:oak_sapling":32,"minecraft:coal":337,"minecraft:diamond_pickaxe":2},"minecraft:crafted":{"minecraft:smooth_stone":730,"minecraft:oak_planks":260,"minecraft:stone_shovel":7,"minecraft:stone":531,"minecraft:glass":171,"minecraft:diamond_helmet":1,"minecraft:stone_pickaxe":17,"minecraft:chest":7,"minecraft:diamond_boots":1,"minecraft:cooked_porkchop":9,"minecraft:crafting_table":2,"minecraft:spruce_planks":852,"minecraft:iron_helmet":1,"minecraft:baked_potato":20,"minecraft:spruce_door":9,"minecraft:cooked_salmon":2,"minecraft:birch_planks":328,"minecraft:stone_axe":4,"minecraft:iron_chestplate":1,"minecraft:golden_apple":1,"minecraft:charcoal":187,"minecraft:stick":400,"minecraft:iron_ingot":59,"minecraft:iron_pickaxe":4,"minecraft:gold_ingot":9,"minecraft:iron_leggings":1,"minecraft:torch":1020,"minecraft:diamond_chestplate":1}},"DataVersion":3465}