{"stats":{"minecraft:used":{"minecraft:iron_shovel":1249,"minecraft:diamond_hoe":3043,"minecraft:chest":31,"minecraft:white_terracotta":99,"minecraft:quartz_stairs":24,"minecraft:carrot":430,"minecraft:tuff":21,"minecraft:obsidian":1,"minecraft:glass":204,"minecraft:quartz_pillar":46,"minecraft:lantern":218,"minecraft:quartz_block":360,"minecraft:item_frame":1,"minecraft:bow":12,"minecraft:oak_sapling":91,"minecraft:furnace":4,"minecraft:beetroot_seeds":745,"minecraft:gold_block":1,"minecraft:diorite":20,"minecraft:spruce_door":10,"minecraft:oak_planks":32,"minecraft:stone_pickaxe":5281,"minecraft:blackstone":5,"minecraft:wooden_pickaxe":67,"minecraft:sugar_cane":2,"minecraft:diamond_axe":2138,"minecraft:golden_apple":1,"minecraft:purple_terracotta":446,"minecraft:pumpkin_seeds":2,"minecraft:string":3,"minecraft:bread":4,"minecraft:gravel":34,"minecraft:diamond_sword":394,"minecraft:andesite":2,"minecraft:oak_boat":11,"minecraft:oak_fence":417,"minecraft:oak_trapdoor":6,"minecraft:stone_shovel":857,"minecraft:spruce_planks":531,"minecraft:stone_hoe":179,"minecraft:netherrack":315,"minecraft:oak_door":18,"minecraft:torch":2399,"minecraft:dirt":6652,"minecraft:anvil":1,"minecraft:granite":29,"minecraft:spruce_fence":308,"minecraft:oak_fence_gate":23,"minecraft:oak_stairs":283,"minecraft:smooth_basalt":9,"minecraft:basalt":159,"minecraft:cooked_beef":63,"minecraft:cobbled_deepslate":2019,"minecraft:golden_axe":33,"minecraft:calcite":2,"minecraft:wheat_seeds":2214,"minecraft:cooked_mutton":3,"minecraft:water_bucket":17,"minecraft:birch_planks":325,"minecraft:baked_potato":34,"minecraft:spruce_fence_gate":12,"minecraft:stonecutter":1,"minecraft:cobblestone_slab":13,"minecraft:crafting_table":8,"minecraft:white_bed":42,"minecraft:spruce_log":2,"minecraft:diamond_pickaxe":11936,"minecraft:apple":23,"minecraft:oxeye_daisy":2,"minecraft:diamond_shovel":8951,"minecraft:iron_pickaxe":1258,"minecraft:spruce_sapling":31,"minecraft:stone_axe":493,"minecraft:cobblestone":1358,"minecraft:cooked_porkchop":9,"minecraft:bucket":18,"minecraft:dandelion":1,"minecraft:smooth_stone":1828},"minecraft:killed":{"minecraft:zombified_piglin":2,"minecraft:spider":4,"minecraft:skeleton":5,"minecraft:piglin":1,"minecraft:zombie_villager":1,"minecraft:creeper":2,"minecraft:sheep":2,"minecraft:pillager":5,"minecraft:zombie":39,"minecraft:cow":312,"minecraft:vindicator":2,"minecraft:enderman":2},"minecraft:custom":{"minecraft:animals_bred":444,"minecraft:interact_with_crafting_table":79,"minecraft:leave_game":27,"minecraft:time_since_death":2162622,"minecraft:sprint_one_cm":3651200,"minecraft:drop":322,"minecraft:talked_to_villager":453,"minecraft:play_time":2848364,"minecraft:deaths":8,"minecraft:jump":12846,"minecraft:walk_on_water_one_cm":38164,"minecraft:enchant_item":21,"minecraft:interact_with_furnace":314,"minecraft:traded_with_villager":2759,"minecraft:sleep_in_bed":119,"minecraft:damage_dealt":20381,"minecraft:crouch_one_cm":168656,"minecraft:interact_with_smithing_table":2,"minecraft:interact_with_anvil":21,"minecraft:mob_kills":381,"minecraft:inspect_hopper":2,"minecraft:climb_one_cm":131718,"minecraft:walk_one_cm":13262910,"minecraft:sneak_time":49831,"minecraft:walk_under_water_one_cm":16276,"minecraft:boat_one_cm":96538,"minecraft:total_world_time":2848364,"minecraft:raid_trigger":1,"minecraft:interact_with_stonecutter":1,"minecraft:time_since_rest":9818,"minecraft:damage_taken":6541,"minecraft:swim_one_cm":10529,"minecraft:fly_one_cm":578882,"minecraft:open_chest":897,"minecraft:fall_one_cm":138172},"minecraft:mined":{"minecraft:large_amethyst_bud":1,"minecraft:spruce_planks":106,"minecraft:white_bed":43,"minecraft:oak_sapling":7,"minecraft:farmland":6,"minecraft:cobblestone_stairs":1,"minecraft:sculk_vein":1,"minecraft:obsidian":15,"minecraft:granite":68,"minecraft:budding_amethyst":2,"minecraft:grass_block":3795,"minecraft:oxeye_daisy":3,"minecraft:smooth_stone":389,"minecraft:iron_ore":154,"minecraft:cobbled_deepslate":717,"minecraft:pumpkin":56,"minecraft:deepslate_lapis_ore":57,"minecraft:azure_bluet":2,"minecraft:dirt_path":25,"minecraft:oak_stairs":8,"minecraft:deepslate_redstone_ore":280,"minecraft:quartz_block":15,"minecraft:blackstone":81,"minecraft:medium_amethyst_bud":1,"minecraft:amethyst_cluster":20,"minecraft:powder_snow":115,"minecraft:torch":87,"minecraft:calcite":15,"minecraft:chest":3,"minecraft:nether_quartz_ore":29,"minecraft:glass":1,"minecraft:cobblestone":532,"minecraft:sugar_cane":189,"minecraft:oak_planks":18,"minecraft:wall_torch":177,"minecraft:amethyst_block":17,"minecraft:white_terracotta":7,"minecraft:wheat":1389,"minecraft:stripped_oak_wood":1,"minecraft:grass":222,"minecraft:oak_log":1092,"minecraft:beetroots":528,"minecraft:oak_fence_gate":20,"minecraft:sand":235,"minecraft:dirt":5495,"minecraft:smooth_basalt":24,"minecraft:stonecutter":1,"minecraft:netherrack":913,"minecraft:oak_leaves":2655,"minecraft:deepslate":8631,"minecraft:nether_gold_ore":2,"minecraft:tuff":978,"minecraft:quartz_stairs":1,"minecraft:deepslate_diamond_ore":97,"minecraft:oak_door":14,"minecraft:glow_lichen":8,"minecraft:purple_terracotta":21,"minecraft:spruce_fence":154,"minecraft:spruce_leaves":300,"minecraft:red_mushroom":1,"minecraft:redstone_ore":4,"minecraft:oak_trapdoor":8,"minecraft:spruce_sapling":31,"minecraft:furnace":4,"minecraft:carrots":319,"minecraft:snow":6,"minecraft:andesite":103,"minecraft:peony":1,"minecraft:gold_block":3,"minecraft:bell":2,"minecraft:mossy_stone_brick_stairs":1,"minecraft:potatoes":4,"minecraft:deepslate_iron_ore":47,"minecraft:cobblestone_slab":13,"minecraft:lantern":15,"minecraft:stone":3479,"minecraft:podzol":627,"minecraft:snow_block":217,"minecraft:basalt":328,"minecraft:spruce_door":4,"minecraft:dandelion":6,"minecraft:oak_fence":42,"minecraft:crafting_table":6,"minecraft:cornflower":1,"minecraft:emerald_ore":2,"minecraft:stone_slab":2,"minecraft:tall_grass":11,"minecraft:copper_ore":18,"minecraft:deepslate_gold_ore":69,"minecraft:lapis_ore":4,"minecraft:sculk":12,"minecraft:diorite":233,"minecraft:birch_planks":12,"minecraft:spruce_log":380,"minecraft:birch_leaves":3,"minecraft:quartz_pillar":10,"minecraft:coal_ore":533,"minecraft:gravel":562,"minecraft:spruce_fence_gate":12},"minecraft:dropped":{"minecraft:diamond_axe":2,"minecraft:oak_log":12,"minecraft:baked_potato":13,"minecraft:ender_pearl":1,"minecraft:diamond":5,"minecraft:saddle":1,"minecraft:red_mushroom":4,"minecraft:flint":16,"minecraft:emerald":141,"minecraft:gold_block":1,"minecraft:dirt":595,"minecraft:cornflower":1,"minecraft:snowball":555,"minecraft:amethyst_shard":42,"minecraft:bone":13,"minecraft:gravel":131,"minecraft:cobbled_deepslate":1776,"minecraft:wheat":64,"minecraft:birch_sapling":2,"minecraft:obsidian":2,"minecraft:rotten_flesh":67,"minecraft:diamond_shovel":1,"minecraft:cooked_mutton":5,"minecraft:white_bed":4,"minecraft:rabbit_foot":2,"minecraft:poppy":5,"minecraft:leather_chestplate":1,"minecraft:chest":3,"minecraft:arrow":9,"minecraft:quartz":3,"minecraft:golden_boots":1,"minecraft:stone_hoe":1,"minecraft:wheat_seeds":1107,"minecraft:golden_horse_armor":1,"minecraft:diamond_leggings":2,"minecraft:cobblestone":751,"minecraft:amethyst_block":19,"minecraft:apple":12,"minecraft:granite":25,"minecraft:stick":44,"minecraft:oxeye_daisy":3,"minecraft:diorite":81,"minecraft:torch":392,"minecraft:diamond_helmet":4,"minecraft:iron_axe":1,"minecraft:smooth_stone":3,"minecraft:string":9,"minecraft:spruce_sapling":7,"minecraft:dandelion":7,"minecraft:redstone":17,"minecraft:tuff":146,"minecraft:stone_shovel":1,"minecraft:raw_iron":11,"minecraft:diamond_sword":1,"minecraft:shield":1,"minecraft:diamond_chestplate":3,"minecraft:spruce_planks":55,"minecraft:diamond_pickaxe":4,"minecraft:andesite":106,"minecraft:purple_bed":1,"minecraft:oak_sapling":6,"minecraft:spruce_log":61,"minecraft:diamond_boots":1,"minecraft:bow":4,"minecraft:stone_pickaxe":5,"minecraft:bell":2,"minecraft:terracotta":2},"minecraft:broken":{"minecraft:iron_shovel":6,"minecraft:stone_pickaxe":40,"minecraft:diamond_shovel":1,"minecraft:stone_axe":3,"minecraft:stone_shovel":5,"minecraft:stone_hoe":1,"minecraft:wooden_pickaxe":2,"minecraft:golden_axe":1,"minecraft:iron_pickaxe":5},"minecraft:killed_by":{"minecraft:vindicator":6,"minecraft:wolf":1,"minecraft:skeleton":1},"minecraft:picked_up":{"minecraft:iron_chestplate":3,"minecraft:wheat":1366,"minecraft:diamond_sword":2,"minecraft:oak_stairs":8,"minecraft:enchanted_book":6,"minecraft:amethyst_block":19,"minecraft:string":2777,"minecraft:raw_copper":113,"minecraft:iron_leggings":1,"minecraft:beetroot":515,"minecraft:diamond_leggings":3,"minecraft:cobbled_deepslate":7979,"minecraft:gold_nugget":15,"minecraft:smooth_stone":276,"minecraft:bucket":2,"minecraft:spruce_planks":329,"minecraft:cobblestone_slab":13,"minecraft:calcite":13,"minecraft:iron_pickaxe":5,"minecraft:furnace":5,"minecraft:stick":342,"minecraft:oak_fence":41,"minecraft:torch":619,"minecraft:diorite":403,"minecraft:rabbit_foot":4,"minecraft:quartz_block":25,"minecraft:rotten_flesh":88,"minecraft:white_terracotta":7,"minecraft:obsidian":8,"minecraft:snowball":532,"minecraft:cobblestone":4048,"minecraft:birch_log":82,"minecraft:leather_chestplate":1,"minecraft:cooked_beef":27,"minecraft:andesite":172,"minecraft:potato":4,"minecraft:flint":104,"minecraft:tuff":741,"minecraft:lapis_lazuli":586,"minecraft:dirt":10008,"minecraft:lantern":38,"minecraft:glass":47,"minecraft:bone":11,"minecraft:stonecutter":1,"minecraft:bow":5,"minecraft:wheat_seeds":3655,"minecraft:raw_gold":90,"minecraft:bell":2,"minecraft:diamond_helmet":4,"minecraft:glowstone_dust":7,"minecraft:stone_hoe":1,"minecraft:oak_planks":32,"minecraft:sand":227,"minecraft:grass_block":1,"minecraft:spruce_fence_gate":10,"minecraft:diamond":187,"minecraft:granite":123,"minecraft:emerald":47,"minecraft:oak_sapling":159,"minecraft:netherrack":586,"minecraft:diamond_pickaxe":6,"minecraft:crafting_table":8,"minecraft:azure_bluet":1,"minecraft:wooden_pickaxe":2,"minecraft:gold_block":3,"minecraft:shield":3,"minecraft:cornflower":1,"minecraft:oak_trapdoor":7,"minecraft:iron_axe":1,"minecraft:iron_shovel":6,"minecraft:blackstone":54,"minecraft:beef":729,"minecraft:oak_boat":14,"minecraft:poppy":4,"minecraft:quartz_stairs":1,"minecraft:sugar_cane":377,"minecraft:chest":2,"minecraft:birch_sapling":2,"minecraft:egg":6,"minecraft:raw_iron":358,"minecraft:oak_door":14,"minecraft:spruce_fence":144,"minecraft:quartz_pillar":10,"minecraft:carrot":1042,"minecraft:redstone":1410,"minecraft:purple_terracotta":56,"minecraft:arrow":155,"minecraft:diamond_chestplate":3,"minecraft:beetroot_seeds":1391,"minecraft:peony":1,"minecraft:diamond_boots":1,"minecraft:saddle":1,"minecraft:mutton":2,"minecraft:white_wool":1,"minecraft:oxeye_daisy":6,"minecraft:basalt":267,"minecraft:leather":420,"minecraft:red_mushroom":8,"minecraft:birch_planks":32,"minecraft:oak_log":1080,"minecraft:golden_boots":4,"minecraft:gunpowder":8,"minecraft:cobblestone_stairs":1,"minecraft:white_banner":1,"minecraft:apple":48,"minecraft:oak_fence_gate":19,"minecraft:iron_ingot":2,"minecraft:stone_pickaxe":18,"minecraft:smooth_basalt":13,"minecraft:pumpkin":56,"minecraft:quartz":47,"minecraft:dandelion":34,"minecraft:lava_bucket":1,"minecraft:gravel":511,"minecraft:amethyst_shard":86,"minecraft:spruce_sapling":60,"minecraft:white_bed":46,"minecraft:spruce_log":850,"minecraft:spruce_door":4,"minecraft:spider_eye":1,"minecraft:pumpkin_seeds":2,"minecraft:purple_bed":1,"minecraft:stone_axe":4,"minecraft:iron_helmet":1,"minecraft:diamond_axe":6,"minecraft:terracotta":4,"minecraft:baked_potato":108,"minecraft:coal":1010,"minecraft:ender_pearl":4},"minecraft:crafted":{"minecraft:oak_planks":2560,"minecraft:smooth_stone":1164,"minecraft:stone":1194,"minecraft:diamond_shovel":3,"minecraft:quartz_pillar":228,"minecraft:quartz_block":443,"minecraft:glass":171,"minecraft:diamond_helmet":1,"minecraft:chest":33,"minecraft:stone_hoe":1,"minecraft:oak_fence":390,"minecraft:quartz_stairs":24,"minecraft:item_frame":1,"minecraft:deepslate":27,"minecraft:emerald":1586,"minecraft:cooked_porkchop":9,"minecraft:diamond_axe":3,"minecraft:crafting_table":3,"minecraft:spruce_planks":2040,"minecraft:iron_helmet":1,"minecraft:baked_potato":35,"minecraft:spruce_door":9,"minecraft:birch_planks":396,"minecraft:iron_chestplate":1,"minecraft:book":31,"minecraft:paper":93,"minecraft:charcoal":208,"minecraft:shield":1,"minecraft:stick":3484,"minecraft:iron_ingot":339,"minecraft:iron_pickaxe":4,"minecraft:gold_ingot":9,"minecraft:spruce_fence_gate":62,"minecraft:oak_door":6,"minecraft:coal":504,"minecraft:stone_shovel":7,"minecraft:diamond_hoe":1,"minecraft:spruce_fence":192,"minecraft:lantern":91,"minecraft:stone_pickaxe":17,"minecraft:diamond_boots":1,"minecraft:pink_glazed_terracotta":24,"minecraft:redstone_block":93,"minecraft:cooked_beef":457,"minecraft:coal_block":31,"minecraft:purple_terracotta":386,"minecraft:cooked_salmon":2,"minecraft:stone_axe":4,"minecraft:enchanted_book":9,"minecraft:air":0,"minecraft:oak_fence_gate":64,"minecraft:golden_apple":1,"minecraft:oak_stairs":384,"minecraft:iron_leggings":1,"minecraft:anvil":1,"minecraft:torch":2508,"minecraft:lapis_lazuli":27,"minecraft:lapis_block":53,"minecraft:diamond_chestplate":1}},"DataVersion":3465}