{"stats":{"minecraft:broken":{"minecraft:iron_shovel":2,"minecraft:wooden_pickaxe":2,"minecraft:stone_pickaxe":23,"minecraft:golden_axe":1,"minecraft:stone_axe":2,"minecraft:stone_shovel":5},"minecraft:custom":{"minecraft:interact_with_smithing_table":1,"minecraft:mob_kills":6,"minecraft:animals_bred":1,"minecraft:interact_with_crafting_table":20,"minecraft:leave_game":5,"minecraft:time_since_death":84171,"minecraft:sprint_one_cm":579371,"minecraft:walk_one_cm":2837298,"minecraft:drop":112,"minecraft:talked_to_villager":3,"minecraft:play_time":572788,"minecraft:deaths":7,"minecraft:sneak_time":6236,"minecraft:walk_under_water_one_cm":59,"minecraft:boat_one_cm":96538,"minecraft:jump":3474,"minecraft:walk_on_water_one_cm":10881,"minecraft:total_world_time":572788,"minecraft:interact_with_furnace":128,"minecraft:sleep_in_bed":28,"minecraft:time_since_rest":47210,"minecraft:damage_taken":3704,"minecraft:damage_dealt":780,"minecraft:swim_one_cm":656,"minecraft:fly_one_cm":83998,"minecraft:open_chest":66,"minecraft:crouch_one_cm":15589,"minecraft:fall_one_cm":49827},"minecraft:mined":{"minecraft:spruce_planks":89,"minecraft:white_bed":7,"minecraft:oak_sapling":4,"minecraft:oak_door":1,"minecraft:cobblestone_stairs":1,"minecraft:glow_lichen":8,"minecraft:granite":48,"minecraft:grass_block":831,"minecraft:spruce_leaves":17,"minecraft:oxeye_daisy":2,"minecraft:smooth_stone":142,"minecraft:oak_trapdoor":2,"minecraft:carrots":4,"minecraft:iron_ore":77,"minecraft:andesite":89,"minecraft:gold_block":3,"minecraft:azure_bluet":2,"minecraft:peony":1,"minecraft:bell":2,"minecraft:mossy_stone_brick_stairs":1,"minecraft:potatoes":4,"minecraft:deepslate_iron_ore":3,"minecraft:cobblestone_slab":6,"minecraft:dirt_path":8,"minecraft:stone":1960,"minecraft:deepslate_redstone_ore":8,"minecraft:dandelion":5,"minecraft:powder_snow":115,"minecraft:crafting_table":4,"minecraft:cornflower":1,"minecraft:torch":22,"minecraft:emerald_ore":2,"minecraft:stone_slab":2,"minecraft:tall_grass":3,"minecraft:copper_ore":13,"minecraft:cobblestone":190,"minecraft:deepslate_gold_ore":1,"minecraft:lapis_ore":4,"minecraft:oak_planks":1,"minecraft:diorite":186,"minecraft:wall_torch":36,"minecraft:white_terracotta":7,"minecraft:birch_planks":8,"minecraft:wheat":8,"minecraft:spruce_log":114,"minecraft:birch_leaves":3,"minecraft:stripped_oak_wood":1,"minecraft:grass":158,"minecraft:oak_log":227,"minecraft:coal_ore":255,"minecraft:gravel":61,"minecraft:sand":156,"minecraft:dirt":387,"minecraft:oak_leaves":234,"minecraft:deepslate":3},"minecraft:picked_up":{"minecraft:iron_chestplate":2,"minecraft:crafting_table":6,"minecraft:wheat":66,"minecraft:azure_bluet":1,"minecraft:wooden_pickaxe":2,"minecraft:gold_block":3,"minecraft:shield":3,"minecraft:cornflower":1,"minecraft:oak_trapdoor":1,"minecraft:raw_copper":94,"minecraft:iron_shovel":3,"minecraft:cobbled_deepslate":3,"minecraft:smooth_stone":145,"minecraft:bucket":2,"minecraft:spruce_planks":273,"minecraft:oak_boat":14,"minecraft:cobblestone_slab":6,"minecraft:poppy":4,"minecraft:iron_pickaxe":4,"minecraft:birch_sapling":2,"minecraft:egg":2,"minecraft:furnace":1,"minecraft:stick":172,"minecraft:raw_iron":74,"minecraft:oak_door":1,"minecraft:torch":302,"minecraft:diorite":352,"minecraft:carrot":3,"minecraft:redstone":34,"minecraft:rabbit_foot":4,"minecraft:rotten_flesh":6,"minecraft:arrow":146,"minecraft:peony":1,"minecraft:saddle":1,"minecraft:white_terracotta":7,"minecraft:mutton":2,"minecraft:white_wool":1,"minecraft:cobblestone":2427,"minecraft:oxeye_daisy":5,"minecraft:birch_log":82,"minecraft:andesite":161,"minecraft:potato":4,"minecraft:birch_planks":28,"minecraft:flint":8,"minecraft:oak_log":213,"minecraft:cobblestone_stairs":1,"minecraft:golden_boots":2,"minecraft:gunpowder":5,"minecraft:dirt":1716,"minecraft:lapis_lazuli":28,"minecraft:white_banner":1,"minecraft:glass":47,"minecraft:apple":24,"minecraft:bow":2,"minecraft:wheat_seeds":33,"minecraft:raw_gold":1,"minecraft:bell":2,"minecraft:stone_pickaxe":15,"minecraft:iron_ingot":2,"minecraft:oak_planks":1,"minecraft:dandelion":30,"minecraft:gravel":112,"minecraft:sand":150,"minecraft:spruce_sapling":9,"minecraft:white_bed":7,"minecraft:spruce_log":351,"minecraft:stone_axe":4,"minecraft:diamond_axe":4,"minecraft:granite":91,"minecraft:emerald":4,"minecraft:terracotta":4,"minecraft:baked_potato":62,"minecraft:oak_sapling":21,"minecraft:coal":337},"minecraft:killed_by":{"minecraft:wolf":1,"minecraft:vindicator":6},"minecraft:used":{"minecraft:iron_shovel":573,"minecraft:stone_shovel":795,"minecraft:chest":1,"minecraft:spruce_planks":512,"minecraft:white_terracotta":99,"minecraft:oak_door":1,"minecraft:torch":536,"minecraft:dirt":445,"minecraft:granite":27,"minecraft:glass":103,"minecraft:bow":12,"minecraft:gold_block":1,"minecraft:golden_axe":33,"minecraft:cooked_mutton":3,"minecraft:diorite":14,"minecraft:birch_planks":322,"minecraft:stone_pickaxe":3153,"minecraft:baked_potato":10,"minecraft:oak_planks":1,"minecraft:cobblestone_slab":6,"minecraft:wooden_pickaxe":67,"minecraft:diamond_axe":272,"minecraft:crafting_table":6,"minecraft:white_bed":7,"minecraft:spruce_log":2,"minecraft:oxeye_daisy":2,"minecraft:bread":4,"minecraft:iron_pickaxe":191,"minecraft:stone_axe":361,"minecraft:cobblestone":1168,"minecraft:cooked_porkchop":9,"minecraft:oak_boat":11,"minecraft:dandelion":1,"minecraft:smooth_stone":1280},"minecraft:killed":{"minecraft:vindicator":2,"minecraft:sheep":2,"minecraft:zombie":2},"minecraft:dropped":{"minecraft:wheat_seeds":9,"minecraft:golden_horse_armor":1,"minecraft:cobblestone":280,"minecraft:saddle":1,"minecraft:stick":44,"minecraft:gold_block":1,"minecraft:oxeye_daisy":3,"minecraft:dirt":576,"minecraft:diorite":70,"minecraft:cornflower":1,"minecraft:smooth_stone":2,"minecraft:spruce_sapling":5,"minecraft:dandelion":5,"minecraft:cobbled_deepslate":3,"minecraft:birch_sapling":2,"minecraft:obsidian":2,"minecraft:rotten_flesh":4,"minecraft:cooked_mutton":5,"minecraft:rabbit_foot":2,"minecraft:poppy":4,"minecraft:shield":1,"minecraft:spruce_planks":1,"minecraft:andesite":101,"minecraft:oak_sapling":3,"minecraft:chest":3,"minecraft:bow":1,"minecraft:stone_pickaxe":5,"minecraft:bell":2,"minecraft:terracotta":2},"minecraft:crafted":{"minecraft:oak_planks":236,"minecraft:smooth_stone":730,"minecraft:stone_shovel":7,"minecraft:stone":531,"minecraft:glass":107,"minecraft:stone_pickaxe":17,"minecraft:chest":4,"minecraft:cooked_porkchop":9,"minecraft:crafting_table":2,"minecraft:spruce_planks":596,"minecraft:baked_potato":20,"minecraft:iron_helmet":1,"minecraft:cooked_salmon":2,"minecraft:birch_planks":328,"minecraft:stone_axe":4,"minecraft:iron_chestplate":1,"minecraft:stick":168,"minecraft:iron_ingot":24,"minecraft:iron_leggings":1,"minecraft:torch":448}},"DataVersion":3465}