{"stats":{"minecraft:broken":{"minecraft:iron_shovel":2,"minecraft:wooden_pickaxe":2,"minecraft:stone_pickaxe":32,"minecraft:golden_axe":1,"minecraft:stone_axe":2,"minecraft:iron_pickaxe":1,"minecraft:stone_shovel":5},"minecraft:custom":{"minecraft:interact_with_smithing_table":1,"minecraft:interact_with_anvil":1,"minecraft:mob_kills":7,"minecraft:animals_bred":1,"minecraft:interact_with_crafting_table":23,"minecraft:leave_game":7,"minecraft:time_since_death":66853,"minecraft:climb_one_cm":27559,"minecraft:sprint_one_cm":731015,"minecraft:walk_one_cm":3267651,"minecraft:drop":122,"minecraft:talked_to_villager":3,"minecraft:play_time":752595,"minecraft:sneak_time":6692,"minecraft:deaths":8,"minecraft:walk_under_water_one_cm":12418,"minecraft:boat_one_cm":96538,"minecraft:jump":3860,"minecraft:walk_on_water_one_cm":26449,"minecraft:total_world_time":752595,"minecraft:interact_with_furnace":153,"minecraft:sleep_in_bed":33,"minecraft:time_since_rest":35785,"minecraft:damage_taken":4029,"minecraft:damage_dealt":839,"minecraft:swim_one_cm":8443,"minecraft:fly_one_cm":96171,"minecraft:open_chest":95,"minecraft:crouch_one_cm":17388,"minecraft:fall_one_cm":54826},"minecraft:mined":{"minecraft:tuff":75,"minecraft:spruce_planks":89,"minecraft:white_bed":7,"minecraft:oak_sapling":4,"minecraft:deepslate_diamond_ore":5,"minecraft:oak_door":1,"minecraft:cobblestone_stairs":1,"minecraft:glow_lichen":8,"minecraft:granite":55,"minecraft:budding_amethyst":2,"minecraft:grass_block":831,"minecraft:spruce_leaves":22,"minecraft:oxeye_daisy":2,"minecraft:smooth_stone":246,"minecraft:oak_trapdoor":2,"minecraft:carrots":4,"minecraft:iron_ore":77,"minecraft:cobbled_deepslate":1,"minecraft:andesite":93,"minecraft:deepslate_lapis_ore":8,"minecraft:peony":1,"minecraft:gold_block":3,"minecraft:azure_bluet":2,"minecraft:bell":2,"minecraft:mossy_stone_brick_stairs":1,"minecraft:potatoes":4,"minecraft:dirt_path":8,"minecraft:deepslate_iron_ore":12,"minecraft:cobblestone_slab":6,"minecraft:stone":2079,"minecraft:deepslate_redstone_ore":34,"minecraft:amethyst_cluster":13,"minecraft:dandelion":5,"minecraft:powder_snow":115,"minecraft:cornflower":1,"minecraft:crafting_table":4,"minecraft:torch":23,"minecraft:emerald_ore":2,"minecraft:calcite":13,"minecraft:stone_slab":2,"minecraft:copper_ore":13,"minecraft:tall_grass":3,"minecraft:cobblestone":198,"minecraft:deepslate_gold_ore":9,"minecraft:lapis_ore":4,"minecraft:oak_planks":1,"minecraft:diorite":213,"minecraft:wall_torch":52,"minecraft:amethyst_block":17,"minecraft:white_terracotta":7,"minecraft:birch_planks":8,"minecraft:wheat":8,"minecraft:spruce_log":179,"minecraft:birch_leaves":3,"minecraft:stripped_oak_wood":1,"minecraft:grass":160,"minecraft:oak_log":240,"minecraft:coal_ore":255,"minecraft:gravel":106,"minecraft:sand":235,"minecraft:dirt":390,"minecraft:smooth_basalt":4,"minecraft:oak_leaves":303,"minecraft:deepslate":662},"minecraft:picked_up":{"minecraft:crafting_table":6,"minecraft:iron_chestplate":3,"minecraft:wheat":66,"minecraft:azure_bluet":1,"minecraft:wooden_pickaxe":2,"minecraft:gold_block":3,"minecraft:enchanted_book":1,"minecraft:shield":3,"minecraft:amethyst_block":19,"minecraft:cornflower":1,"minecraft:oak_trapdoor":1,"minecraft:raw_copper":94,"minecraft:iron_leggings":1,"minecraft:iron_shovel":5,"minecraft:cobbled_deepslate":651,"minecraft:smooth_stone":231,"minecraft:bucket":2,"minecraft:spruce_planks":273,"minecraft:oak_boat":14,"minecraft:cobblestone_slab":6,"minecraft:calcite":11,"minecraft:poppy":4,"minecraft:iron_pickaxe":5,"minecraft:birch_sapling":2,"minecraft:furnace":1,"minecraft:egg":2,"minecraft:stick":213,"minecraft:raw_iron":82,"minecraft:oak_door":1,"minecraft:torch":384,"minecraft:diorite":384,"minecraft:carrot":3,"minecraft:redstone":134,"minecraft:rabbit_foot":4,"minecraft:arrow":146,"minecraft:rotten_flesh":6,"minecraft:peony":1,"minecraft:saddle":1,"minecraft:white_terracotta":7,"minecraft:mutton":2,"minecraft:white_wool":1,"minecraft:cobblestone":2540,"minecraft:oxeye_daisy":5,"minecraft:birch_log":82,"minecraft:andesite":165,"minecraft:potato":4,"minecraft:birch_planks":28,"minecraft:flint":14,"minecraft:tuff":72,"minecraft:oak_log":227,"minecraft:golden_boots":3,"minecraft:gunpowder":5,"minecraft:cobblestone_stairs":1,"minecraft:lapis_lazuli":77,"minecraft:dirt":1717,"minecraft:white_banner":1,"minecraft:glass":47,"minecraft:apple":24,"minecraft:bow":2,"minecraft:wheat_seeds":33,"minecraft:raw_gold":9,"minecraft:bell":2,"minecraft:iron_ingot":2,"minecraft:stone_pickaxe":18,"minecraft:oak_planks":1,"minecraft:smooth_basalt":4,"minecraft:dandelion":30,"minecraft:gravel":167,"minecraft:sand":227,"minecraft:amethyst_shard":42,"minecraft:spruce_sapling":10,"minecraft:white_bed":7,"minecraft:spruce_log":412,"minecraft:diamond":5,"minecraft:stone_axe":4,"minecraft:iron_helmet":1,"minecraft:granite":98,"minecraft:diamond_axe":4,"minecraft:emerald":4,"minecraft:terracotta":4,"minecraft:baked_potato":84,"minecraft:oak_sapling":25,"minecraft:coal":337,"minecraft:diamond_pickaxe":1},"minecraft:killed_by":{"minecraft:wolf":1,"minecraft:vindicator":6,"minecraft:skeleton":1},"minecraft:used":{"minecraft:iron_shovel":652,"minecraft:stone_shovel":795,"minecraft:chest":1,"minecraft:spruce_planks":512,"minecraft:white_terracotta":99,"minecraft:oak_door":1,"minecraft:torch":675,"minecraft:dirt":446,"minecraft:tuff":4,"minecraft:granite":29,"minecraft:glass":183,"minecraft:bow":12,"minecraft:oak_sapling":6,"minecraft:gold_block":1,"minecraft:cobbled_deepslate":35,"minecraft:golden_axe":33,"minecraft:cooked_mutton":3,"minecraft:diorite":14,"minecraft:birch_planks":322,"minecraft:baked_potato":14,"minecraft:stone_pickaxe":4243,"minecraft:oak_planks":1,"minecraft:cobblestone_slab":6,"minecraft:wooden_pickaxe":67,"minecraft:diamond_axe":439,"minecraft:golden_apple":1,"minecraft:crafting_table":6,"minecraft:white_bed":7,"minecraft:spruce_log":2,"minecraft:apple":1,"minecraft:oxeye_daisy":2,"minecraft:iron_pickaxe":277,"minecraft:bread":4,"minecraft:stone_axe":361,"minecraft:cobblestone":1230,"minecraft:cooked_porkchop":9,"minecraft:oak_boat":11,"minecraft:dandelion":1,"minecraft:smooth_stone":1285},"minecraft:killed":{"minecraft:vindicator":2,"minecraft:sheep":2,"minecraft:zombie":3},"minecraft:dropped":{"minecraft:wheat_seeds":9,"minecraft:oak_log":12,"minecraft:diamond":2,"minecraft:golden_horse_armor":1,"minecraft:cobblestone":280,"minecraft:amethyst_block":19,"minecraft:saddle":1,"minecraft:stick":44,"minecraft:gold_block":1,"minecraft:oxeye_daisy":3,"minecraft:dirt":576,"minecraft:diorite":70,"minecraft:torch":56,"minecraft:cornflower":1,"minecraft:amethyst_shard":42,"minecraft:smooth_stone":2,"minecraft:spruce_sapling":6,"minecraft:dandelion":5,"minecraft:redstone":17,"minecraft:cobbled_deepslate":3,"minecraft:birch_sapling":2,"minecraft:obsidian":2,"minecraft:rotten_flesh":4,"minecraft:cooked_mutton":5,"minecraft:rabbit_foot":2,"minecraft:poppy":4,"minecraft:shield":1,"minecraft:spruce_planks":1,"minecraft:diamond_pickaxe":1,"minecraft:andesite":101,"minecraft:oak_sapling":4,"minecraft:chest":3,"minecraft:spruce_log":61,"minecraft:bow":1,"minecraft:stone_pickaxe":5,"minecraft:bell":2,"minecraft:terracotta":2},"minecraft:crafted":{"minecraft:smooth_stone":730,"minecraft:oak_planks":244,"minecraft:stone_shovel":7,"minecraft:stone":531,"minecraft:glass":140,"minecraft:stone_pickaxe":17,"minecraft:chest":4,"minecraft:cooked_porkchop":9,"minecraft:crafting_table":2,"minecraft:spruce_planks":596,"minecraft:iron_helmet":1,"minecraft:baked_potato":20,"minecraft:cooked_salmon":2,"minecraft:birch_planks":328,"minecraft:stone_axe":4,"minecraft:iron_chestplate":1,"minecraft:golden_apple":1,"minecraft:charcoal":123,"minecraft:stick":240,"minecraft:iron_ingot":51,"minecraft:iron_pickaxe":2,"minecraft:gold_ingot":9,"minecraft:iron_leggings":1,"minecraft:torch":596}},"DataVersion":3465}