{"stats":{"minecraft:broken":{"minecraft:stone_pickaxe":17,"minecraft:stone_axe":2,"minecraft:stone_shovel":4,"minecraft:wooden_pickaxe":2},"minecraft:custom":{"minecraft:interact_with_smithing_table":1,"minecraft:interact_with_furnace":48,"minecraft:mob_kills":3,"minecraft:interact_with_crafting_table":15,"minecraft:leave_game":4,"minecraft:time_since_death":292606,"minecraft:sleep_in_bed":16,"minecraft:time_since_rest":687,"minecraft:sprint_one_cm":338300,"minecraft:damage_taken":830,"minecraft:walk_one_cm":1680146,"minecraft:drop":27,"minecraft:damage_dealt":265,"minecraft:swim_one_cm":656,"minecraft:talked_to_villager":3,"minecraft:fly_one_cm":52554,"minecraft:open_chest":24,"minecraft:crouch_one_cm":9578,"minecraft:play_time":344936,"minecraft:deaths":1,"minecraft:sneak_time":3990,"minecraft:walk_under_water_one_cm":59,"minecraft:boat_one_cm":96538,"minecraft:jump":2160,"minecraft:walk_on_water_one_cm":10812,"minecraft:total_world_time":344936,"minecraft:fall_one_cm":33519},"minecraft:mined":{"minecraft:spruce_planks":1,"minecraft:white_bed":1,"minecraft:cobblestone_stairs":1,"minecraft:dandelion":4,"minecraft:powder_snow":115,"minecraft:crafting_table":4,"minecraft:cornflower":1,"minecraft:torch":19,"minecraft:glow_lichen":2,"minecraft:granite":19,"minecraft:emerald_ore":2,"minecraft:grass_block":230,"minecraft:tall_grass":3,"minecraft:copper_ore":10,"minecraft:cobblestone":187,"minecraft:spruce_leaves":9,"minecraft:diorite":166,"minecraft:wall_torch":18,"minecraft:white_terracotta":1,"minecraft:smooth_stone":67,"minecraft:oak_trapdoor":2,"minecraft:carrots":4,"minecraft:iron_ore":33,"minecraft:wheat":8,"minecraft:stripped_oak_wood":1,"minecraft:spruce_log":62,"minecraft:birch_leaves":3,"minecraft:andesite":70,"minecraft:peony":1,"minecraft:azure_bluet":2,"minecraft:bell":2,"minecraft:grass":153,"minecraft:oak_log":139,"minecraft:potatoes":4,"minecraft:coal_ore":155,"minecraft:dirt_path":6,"minecraft:cobblestone_slab":6,"minecraft:sand":156,"minecraft:gravel":59,"minecraft:dirt":338,"minecraft:stone":1385,"minecraft:oak_leaves":185},"minecraft:picked_up":{"minecraft:crafting_table":6,"minecraft:wheat":2,"minecraft:andesite":64,"minecraft:wooden_pickaxe":2,"minecraft:potato":4,"minecraft:flint":8,"minecraft:oak_log":129,"minecraft:cobblestone_stairs":1,"minecraft:oak_trapdoor":1,"minecraft:gunpowder":2,"minecraft:dirt":537,"minecraft:cornflower":1,"minecraft:raw_copper":35,"minecraft:apple":1,"minecraft:wheat_seeds":30,"minecraft:smooth_stone":66,"minecraft:bell":2,"minecraft:spruce_planks":1,"minecraft:stone_pickaxe":3,"minecraft:iron_ingot":2,"minecraft:cobblestone_slab":6,"minecraft:oak_boat":13,"minecraft:iron_pickaxe":2,"minecraft:birch_sapling":2,"minecraft:egg":2,"minecraft:furnace":1,"minecraft:stick":14,"minecraft:raw_iron":31,"minecraft:torch":263,"minecraft:dandelion":4,"minecraft:gravel":63,"minecraft:sand":150,"minecraft:white_bed":1,"minecraft:spruce_sapling":4,"minecraft:diorite":167,"minecraft:carrot":3,"minecraft:spruce_log":62,"minecraft:rotten_flesh":4,"minecraft:peony":1,"minecraft:stone_axe":1,"minecraft:granite":29,"minecraft:emerald":4,"minecraft:white_terracotta":1,"minecraft:oak_sapling":8,"minecraft:coal":238,"minecraft:mutton":2,"minecraft:white_wool":1,"minecraft:cobblestone":1621,"minecraft:oxeye_daisy":1},"minecraft:killed_by":{"minecraft:wolf":1},"minecraft:used":{"minecraft:cooked_mutton":3,"minecraft:diorite":6,"minecraft:stone_shovel":745,"minecraft:stone_pickaxe":2274,"minecraft:white_terracotta":73,"minecraft:spruce_planks":1,"minecraft:wooden_pickaxe":67,"minecraft:cobblestone_slab":6,"minecraft:torch":244,"minecraft:dirt":380,"minecraft:crafting_table":6,"minecraft:white_bed":1,"minecraft:spruce_log":2,"minecraft:glass":103,"minecraft:iron_pickaxe":81,"minecraft:stone_axe":354,"minecraft:cobblestone":1133,"minecraft:cooked_porkchop":8,"minecraft:oak_boat":11,"minecraft:smooth_stone":405},"minecraft:killed":{"minecraft:sheep":2,"minecraft:zombie":1},"minecraft:dropped":{"minecraft:wheat_seeds":7,"minecraft:birch_sapling":2,"minecraft:cobblestone":28,"minecraft:rotten_flesh":4,"minecraft:cooked_mutton":5,"minecraft:oxeye_daisy":1,"minecraft:cornflower":1,"minecraft:oak_sapling":2,"minecraft:chest":3,"minecraft:stone_pickaxe":1,"minecraft:bell":2,"minecraft:dandelion":4},"minecraft:crafted":{"minecraft:smooth_stone":138,"minecraft:stone_shovel":7,"minecraft:cooked_porkchop":9,"minecraft:crafting_table":2,"minecraft:spruce_planks":136,"minecraft:iron_helmet":1,"minecraft:stone":130,"minecraft:stone_axe":4,"minecraft:glass":107,"minecraft:iron_chestplate":1,"minecraft:stick":168,"minecraft:iron_ingot":24,"minecraft:stone_pickaxe":17,"minecraft:chest":3,"minecraft:iron_leggings":1,"minecraft:torch":160}},"DataVersion":3465}