{"stats":{"minecraft:broken":{"minecraft:stone_pickaxe":12,"minecraft:wooden_pickaxe":2},"minecraft:custom":{"minecraft:interact_with_smithing_table":1,"minecraft:interact_with_furnace":5,"minecraft:mob_kills":2,"minecraft:interact_with_crafting_table":9,"minecraft:leave_game":4,"minecraft:time_since_death":82606,"minecraft:sleep_in_bed":1,"minecraft:time_since_rest":60825,"minecraft:sprint_one_cm":77373,"minecraft:damage_taken":430,"minecraft:walk_one_cm":412312,"minecraft:drop":19,"minecraft:damage_dealt":156,"minecraft:fly_one_cm":20218,"minecraft:open_chest":6,"minecraft:crouch_one_cm":1568,"minecraft:play_time":134936,"minecraft:deaths":1,"minecraft:sneak_time":939,"minecraft:jump":1008,"minecraft:walk_on_water_one_cm":3271,"minecraft:total_world_time":134936,"minecraft:fall_one_cm":14671},"minecraft:mined":{"minecraft:spruce_planks":1,"minecraft:dandelion":3,"minecraft:powder_snow":115,"minecraft:crafting_table":3,"minecraft:cornflower":1,"minecraft:torch":2,"minecraft:glow_lichen":2,"minecraft:granite":19,"minecraft:emerald_ore":2,"minecraft:grass_block":4,"minecraft:copper_ore":10,"minecraft:cobblestone":1,"minecraft:spruce_leaves":8,"minecraft:diorite":166,"minecraft:wall_torch":7,"minecraft:carrots":4,"minecraft:iron_ore":25,"minecraft:wheat":8,"minecraft:spruce_log":36,"minecraft:andesite":70,"minecraft:azure_bluet":2,"minecraft:grass":28,"minecraft:potatoes":4,"minecraft:coal_ore":117,"minecraft:gravel":59,"minecraft:dirt":60,"minecraft:stone":1138,"minecraft:oak_leaves":5},"minecraft:picked_up":{"minecraft:crafting_table":5,"minecraft:wheat":2,"minecraft:andesite":64,"minecraft:wooden_pickaxe":2,"minecraft:potato":4,"minecraft:flint":8,"minecraft:gunpowder":2,"minecraft:dirt":75,"minecraft:cornflower":1,"minecraft:raw_copper":35,"minecraft:wheat_seeds":17,"minecraft:spruce_planks":1,"minecraft:stone_pickaxe":3,"minecraft:iron_ingot":2,"minecraft:iron_pickaxe":2,"minecraft:egg":2,"minecraft:furnace":1,"minecraft:stick":6,"minecraft:raw_iron":23,"minecraft:torch":242,"minecraft:dandelion":4,"minecraft:gravel":63,"minecraft:spruce_sapling":4,"minecraft:diorite":167,"minecraft:carrot":3,"minecraft:spruce_log":36,"minecraft:stone_axe":1,"minecraft:granite":29,"minecraft:emerald":4,"minecraft:coal":207,"minecraft:mutton":2,"minecraft:white_wool":1,"minecraft:cobblestone":1223,"minecraft:oxeye_daisy":1},"minecraft:killed_by":{"minecraft:wolf":1},"minecraft:used":{"minecraft:cooked_mutton":3,"minecraft:diorite":6,"minecraft:stone_pickaxe":1654,"minecraft:spruce_planks":1,"minecraft:wooden_pickaxe":67,"minecraft:torch":142,"minecraft:dirt":34,"minecraft:crafting_table":4,"minecraft:spruce_log":2,"minecraft:iron_pickaxe":2,"minecraft:stone_axe":76,"minecraft:cobblestone":102},"minecraft:killed":{"minecraft:sheep":2},"minecraft:crafted":{"minecraft:cooked_porkchop":9,"minecraft:crafting_table":2,"minecraft:spruce_planks":136,"minecraft:iron_helmet":1,"minecraft:stone_axe":1,"minecraft:iron_chestplate":1,"minecraft:stick":168,"minecraft:iron_ingot":20,"minecraft:stone_pickaxe":11,"minecraft:chest":3,"minecraft:iron_leggings":1,"minecraft:torch":160},"minecraft:dropped":{"minecraft:wheat_seeds":4,"minecraft:cobblestone":28,"minecraft:oxeye_daisy":1,"minecraft:cornflower":1,"minecraft:chest":3,"minecraft:dandelion":4}},"DataVersion":3465}