{"stats":{"minecraft:broken":{"minecraft:stone_pickaxe":16,"minecraft:stone_axe":2,"minecraft:stone_shovel":3,"minecraft:wooden_pickaxe":2},"minecraft:custom":{"minecraft:interact_with_smithing_table":1,"minecraft:interact_with_furnace":25,"minecraft:mob_kills":3,"minecraft:interact_with_crafting_table":14,"minecraft:leave_game":4,"minecraft:time_since_death":244606,"minecraft:sleep_in_bed":12,"minecraft:time_since_rest":9417,"minecraft:sprint_one_cm":281987,"minecraft:damage_taken":570,"minecraft:walk_one_cm":1353209,"minecraft:drop":26,"minecraft:damage_dealt":265,"minecraft:swim_one_cm":656,"minecraft:talked_to_villager":3,"minecraft:fly_one_cm":49731,"minecraft:open_chest":18,"minecraft:crouch_one_cm":7991,"minecraft:play_time":296936,"minecraft:deaths":1,"minecraft:sneak_time":3524,"minecraft:walk_under_water_one_cm":59,"minecraft:boat_one_cm":96538,"minecraft:jump":1935,"minecraft:walk_on_water_one_cm":10812,"minecraft:total_world_time":296936,"minecraft:fall_one_cm":25981},"minecraft:mined":{"minecraft:spruce_planks":1,"minecraft:white_bed":1,"minecraft:cobblestone_stairs":1,"minecraft:dandelion":4,"minecraft:powder_snow":115,"minecraft:crafting_table":4,"minecraft:cornflower":1,"minecraft:torch":16,"minecraft:glow_lichen":2,"minecraft:granite":19,"minecraft:emerald_ore":2,"minecraft:grass_block":221,"minecraft:tall_grass":3,"minecraft:copper_ore":10,"minecraft:cobblestone":138,"minecraft:spruce_leaves":9,"minecraft:diorite":166,"minecraft:wall_torch":15,"minecraft:oak_trapdoor":2,"minecraft:carrots":4,"minecraft:iron_ore":33,"minecraft:wheat":8,"minecraft:stripped_oak_wood":1,"minecraft:spruce_log":62,"minecraft:birch_leaves":3,"minecraft:andesite":70,"minecraft:peony":1,"minecraft:azure_bluet":2,"minecraft:bell":2,"minecraft:grass":45,"minecraft:oak_log":139,"minecraft:potatoes":4,"minecraft:coal_ore":155,"minecraft:dirt_path":6,"minecraft:cobblestone_slab":6,"minecraft:sand":156,"minecraft:gravel":59,"minecraft:dirt":239,"minecraft:stone":1385,"minecraft:oak_leaves":36},"minecraft:picked_up":{"minecraft:crafting_table":6,"minecraft:wheat":2,"minecraft:andesite":64,"minecraft:wooden_pickaxe":2,"minecraft:potato":4,"minecraft:flint":8,"minecraft:oak_log":129,"minecraft:cobblestone_stairs":1,"minecraft:oak_trapdoor":1,"minecraft:gunpowder":2,"minecraft:dirt":435,"minecraft:cornflower":1,"minecraft:raw_copper":35,"minecraft:apple":1,"minecraft:wheat_seeds":21,"minecraft:bell":2,"minecraft:spruce_planks":1,"minecraft:stone_pickaxe":3,"minecraft:iron_ingot":2,"minecraft:cobblestone_slab":6,"minecraft:oak_boat":13,"minecraft:iron_pickaxe":2,"minecraft:birch_sapling":2,"minecraft:egg":2,"minecraft:furnace":1,"minecraft:stick":8,"minecraft:raw_iron":31,"minecraft:torch":258,"minecraft:dandelion":4,"minecraft:gravel":63,"minecraft:sand":150,"minecraft:white_bed":1,"minecraft:spruce_sapling":4,"minecraft:diorite":167,"minecraft:carrot":3,"minecraft:spruce_log":62,"minecraft:rotten_flesh":4,"minecraft:peony":1,"minecraft:stone_axe":1,"minecraft:granite":29,"minecraft:emerald":4,"minecraft:oak_sapling":2,"minecraft:coal":238,"minecraft:mutton":2,"minecraft:white_wool":1,"minecraft:cobblestone":1603,"minecraft:oxeye_daisy":1},"minecraft:killed_by":{"minecraft:wolf":1},"minecraft:used":{"minecraft:cooked_mutton":3,"minecraft:diorite":6,"minecraft:stone_shovel":534,"minecraft:stone_pickaxe":2072,"minecraft:spruce_planks":1,"minecraft:wooden_pickaxe":67,"minecraft:cobblestone_slab":6,"minecraft:torch":238,"minecraft:dirt":374,"minecraft:crafting_table":5,"minecraft:white_bed":1,"minecraft:spruce_log":2,"minecraft:glass":20,"minecraft:iron_pickaxe":81,"minecraft:stone_axe":283,"minecraft:cobblestone":1001,"minecraft:cooked_porkchop":6,"minecraft:oak_boat":11},"minecraft:killed":{"minecraft:sheep":2,"minecraft:zombie":1},"minecraft:crafted":{"minecraft:stone_shovel":4,"minecraft:cooked_porkchop":9,"minecraft:crafting_table":2,"minecraft:spruce_planks":136,"minecraft:iron_helmet":1,"minecraft:stone":4,"minecraft:stone_axe":4,"minecraft:glass":42,"minecraft:iron_chestplate":1,"minecraft:stick":168,"minecraft:iron_ingot":24,"minecraft:stone_pickaxe":17,"minecraft:chest":3,"minecraft:iron_leggings":1,"minecraft:torch":160},"minecraft:dropped":{"minecraft:wheat_seeds":7,"minecraft:birch_sapling":2,"minecraft:cobblestone":28,"minecraft:rotten_flesh":2,"minecraft:cooked_mutton":5,"minecraft:oxeye_daisy":1,"minecraft:cornflower":1,"minecraft:oak_sapling":2,"minecraft:chest":3,"minecraft:stone_pickaxe":1,"minecraft:bell":2,"minecraft:dandelion":4}},"DataVersion":3465}