{"stats":{"minecraft:crafted":{"minecraft:oak_planks":2252,"minecraft:smooth_stone":1164,"minecraft:stone":1194,"minecraft:diamond_shovel":2,"minecraft:quartz_block":95,"minecraft:glass":171,"minecraft:diamond_helmet":1,"minecraft:chest":17,"minecraft:stone_hoe":1,"minecraft:oak_fence":342,"minecraft:item_frame":1,"minecraft:deepslate":27,"minecraft:emerald":299,"minecraft:cooked_porkchop":9,"minecraft:crafting_table":2,"minecraft:spruce_planks":2040,"minecraft:iron_helmet":1,"minecraft:baked_potato":35,"minecraft:spruce_door":9,"minecraft:birch_planks":396,"minecraft:iron_chestplate":1,"minecraft:book":31,"minecraft:paper":93,"minecraft:charcoal":208,"minecraft:shield":1,"minecraft:stick":3232,"minecraft:iron_ingot":339,"minecraft:iron_pickaxe":4,"minecraft:gold_ingot":9,"minecraft:spruce_fence_gate":62,"minecraft:oak_door":6,"minecraft:coal":135,"minecraft:stone_shovel":7,"minecraft:diamond_hoe":1,"minecraft:spruce_fence":192,"minecraft:lantern":91,"minecraft:stone_pickaxe":17,"minecraft:diamond_boots":1,"minecraft:cooked_beef":457,"minecraft:purple_terracotta":84,"minecraft:cooked_salmon":2,"minecraft:stone_axe":4,"minecraft:air":0,"minecraft:oak_fence_gate":64,"minecraft:golden_apple":1,"minecraft:oak_stairs":384,"minecraft:iron_leggings":1,"minecraft:torch":1628,"minecraft:lapis_lazuli":27,"minecraft:diamond_chestplate":1},"minecraft:killed_by":{"minecraft:vindicator":6,"minecraft:wolf":1,"minecraft:skeleton":1},"minecraft:dropped":{"minecraft:diamond_axe":2,"minecraft:oak_log":12,"minecraft:baked_potato":13,"minecraft:diamond":5,"minecraft:saddle":1,"minecraft:emerald":45,"minecraft:gold_block":1,"minecraft:dirt":595,"minecraft:cornflower":1,"minecraft:snowball":552,"minecraft:amethyst_shard":42,"minecraft:bone":13,"minecraft:gravel":10,"minecraft:cobbled_deepslate":9,"minecraft:birch_sapling":2,"minecraft:obsidian":2,"minecraft:rotten_flesh":38,"minecraft:cooked_mutton":5,"minecraft:white_bed":3,"minecraft:rabbit_foot":2,"minecraft:poppy":5,"minecraft:leather_chestplate":1,"minecraft:chest":3,"minecraft:arrow":9,"minecraft:quartz":3,"minecraft:stone_hoe":1,"minecraft:golden_boots":1,"minecraft:wheat_seeds":378,"minecraft:golden_horse_armor":1,"minecraft:cobblestone":751,"minecraft:amethyst_block":19,"minecraft:apple":12,"minecraft:granite":25,"minecraft:stick":44,"minecraft:oxeye_daisy":3,"minecraft:diorite":81,"minecraft:torch":101,"minecraft:diamond_helmet":1,"minecraft:iron_axe":1,"minecraft:smooth_stone":3,"minecraft:string":2,"minecraft:spruce_sapling":7,"minecraft:dandelion":7,"minecraft:redstone":17,"minecraft:stone_shovel":1,"minecraft:diamond_sword":1,"minecraft:shield":1,"minecraft:diamond_chestplate":1,"minecraft:spruce_planks":55,"minecraft:diamond_pickaxe":2,"minecraft:andesite":106,"minecraft:oak_sapling":6,"minecraft:spruce_log":61,"minecraft:bow":4,"minecraft:stone_pickaxe":5,"minecraft:bell":2,"minecraft:terracotta":2},"minecraft:picked_up":{"minecraft:iron_chestplate":3,"minecraft:wheat":579,"minecraft:diamond_sword":2,"minecraft:oak_stairs":7,"minecraft:enchanted_book":4,"minecraft:amethyst_block":19,"minecraft:string":1538,"minecraft:raw_copper":113,"minecraft:iron_leggings":1,"minecraft:beetroot":302,"minecraft:diamond_leggings":1,"minecraft:gold_nugget":13,"minecraft:cobbled_deepslate":4573,"minecraft:smooth_stone":254,"minecraft:bucket":2,"minecraft:spruce_planks":321,"minecraft:cobblestone_slab":9,"minecraft:calcite":13,"minecraft:iron_pickaxe":5,"minecraft:furnace":5,"minecraft:stick":296,"minecraft:oak_fence":24,"minecraft:torch":562,"minecraft:diorite":403,"minecraft:rabbit_foot":4,"minecraft:quartz_block":11,"minecraft:rotten_flesh":40,"minecraft:white_terracotta":7,"minecraft:obsidian":8,"minecraft:snowball":529,"minecraft:cobblestone":3161,"minecraft:birch_log":82,"minecraft:leather_chestplate":1,"minecraft:cooked_beef":27,"minecraft:andesite":172,"minecraft:potato":4,"minecraft:flint":33,"minecraft:tuff":425,"minecraft:lapis_lazuli":303,"minecraft:dirt":8915,"minecraft:lantern":38,"minecraft:glass":47,"minecraft:bone":11,"minecraft:stonecutter":1,"minecraft:bow":5,"minecraft:wheat_seeds":1464,"minecraft:raw_gold":73,"minecraft:bell":2,"minecraft:diamond_helmet":1,"minecraft:stone_hoe":1,"minecraft:oak_planks":30,"minecraft:sand":227,"minecraft:grass_block":1,"minecraft:spruce_fence_gate":8,"minecraft:diamond":59,"minecraft:granite":123,"minecraft:emerald":47,"minecraft:oak_sapling":52,"minecraft:netherrack":188,"minecraft:diamond_pickaxe":4,"minecraft:crafting_table":7,"minecraft:azure_bluet":1,"minecraft:wooden_pickaxe":2,"minecraft:gold_block":3,"minecraft:shield":3,"minecraft:cornflower":1,"minecraft:oak_trapdoor":1,"minecraft:iron_axe":1,"minecraft:iron_shovel":6,"minecraft:blackstone":10,"minecraft:beef":341,"minecraft:oak_boat":14,"minecraft:poppy":4,"minecraft:sugar_cane":189,"minecraft:chest":1,"minecraft:birch_sapling":2,"minecraft:egg":2,"minecraft:raw_iron":296,"minecraft:oak_door":14,"minecraft:spruce_fence":144,"minecraft:carrot":1042,"minecraft:redstone":650,"minecraft:purple_terracotta":38,"minecraft:arrow":155,"minecraft:diamond_chestplate":1,"minecraft:beetroot_seeds":830,"minecraft:peony":1,"minecraft:saddle":1,"minecraft:mutton":2,"minecraft:white_wool":1,"minecraft:oxeye_daisy":6,"minecraft:basalt":23,"minecraft:leather":158,"minecraft:birch_planks":31,"minecraft:oak_log":647,"minecraft:golden_boots":4,"minecraft:gunpowder":8,"minecraft:cobblestone_stairs":1,"minecraft:white_banner":1,"minecraft:apple":38,"minecraft:oak_fence_gate":17,"minecraft:iron_ingot":2,"minecraft:stone_pickaxe":18,"minecraft:smooth_basalt":12,"minecraft:quartz":47,"minecraft:dandelion":34,"minecraft:lava_bucket":1,"minecraft:gravel":313,"minecraft:amethyst_shard":50,"minecraft:spruce_sapling":40,"minecraft:white_bed":39,"minecraft:spruce_log":692,"minecraft:spider_eye":1,"minecraft:spruce_door":4,"minecraft:pumpkin_seeds":1,"minecraft:stone_axe":4,"minecraft:iron_helmet":1,"minecraft:diamond_axe":6,"minecraft:terracotta":4,"minecraft:baked_potato":108,"minecraft:coal":842},"minecraft:used":{"minecraft:iron_shovel":1249,"minecraft:diamond_hoe":931,"minecraft:chest":14,"minecraft:white_terracotta":99,"minecraft:carrot":430,"minecraft:tuff":21,"minecraft:obsidian":1,"minecraft:glass":204,"minecraft:lantern":182,"minecraft:quartz_block":103,"minecraft:item_frame":1,"minecraft:bow":12,"minecraft:oak_sapling":12,"minecraft:furnace":4,"minecraft:beetroot_seeds":532,"minecraft:gold_block":1,"minecraft:diorite":20,"minecraft:spruce_door":10,"minecraft:stone_pickaxe":5281,"minecraft:oak_planks":28,"minecraft:blackstone":5,"minecraft:wooden_pickaxe":67,"minecraft:sugar_cane":1,"minecraft:diamond_axe":1486,"minecraft:golden_apple":1,"minecraft:purple_terracotta":111,"minecraft:pumpkin_seeds":1,"minecraft:bread":4,"minecraft:gravel":32,"minecraft:diamond_sword":249,"minecraft:andesite":2,"minecraft:oak_boat":11,"minecraft:oak_fence":352,"minecraft:stone_shovel":857,"minecraft:spruce_planks":528,"minecraft:stone_hoe":179,"minecraft:netherrack":280,"minecraft:oak_door":18,"minecraft:torch":1818,"minecraft:dirt":6582,"minecraft:granite":29,"minecraft:spruce_fence":308,"minecraft:oak_fence_gate":18,"minecraft:oak_stairs":282,"minecraft:smooth_basalt":9,"minecraft:basalt":11,"minecraft:cooked_beef":34,"minecraft:cobbled_deepslate":1882,"minecraft:golden_axe":33,"minecraft:calcite":2,"minecraft:wheat_seeds":1014,"minecraft:cooked_mutton":3,"minecraft:water_bucket":17,"minecraft:birch_planks":325,"minecraft:baked_potato":34,"minecraft:spruce_fence_gate":10,"minecraft:stonecutter":1,"minecraft:cobblestone_slab":9,"minecraft:crafting_table":7,"minecraft:white_bed":36,"minecraft:spruce_log":2,"minecraft:diamond_pickaxe":4367,"minecraft:apple":23,"minecraft:oxeye_daisy":2,"minecraft:diamond_shovel":7485,"minecraft:iron_pickaxe":1258,"minecraft:stone_axe":493,"minecraft:cobblestone":1262,"minecraft:cooked_porkchop":9,"minecraft:bucket":18,"minecraft:dandelion":1,"minecraft:smooth_stone":1827},"minecraft:killed":{"minecraft:zombified_piglin":1,"minecraft:spider":4,"minecraft:skeleton":3,"minecraft:creeper":2,"minecraft:sheep":2,"minecraft:pillager":5,"minecraft:zombie":23,"minecraft:cow":177,"minecraft:vindicator":2,"minecraft:enderman":1},"minecraft:broken":{"minecraft:iron_shovel":6,"minecraft:stone_pickaxe":40,"minecraft:diamond_shovel":1,"minecraft:stone_axe":3,"minecraft:stone_shovel":5,"minecraft:stone_hoe":1,"minecraft:wooden_pickaxe":2,"minecraft:golden_axe":1,"minecraft:iron_pickaxe":5},"minecraft:mined":{"minecraft:spruce_planks":98,"minecraft:white_bed":37,"minecraft:oak_sapling":6,"minecraft:farmland":4,"minecraft:cobblestone_stairs":1,"minecraft:obsidian":15,"minecraft:granite":68,"minecraft:budding_amethyst":2,"minecraft:grass_block":3750,"minecraft:oxeye_daisy":3,"minecraft:smooth_stone":269,"minecraft:iron_ore":150,"minecraft:cobbled_deepslate":617,"minecraft:deepslate_lapis_ore":34,"minecraft:azure_bluet":2,"minecraft:dirt_path":23,"minecraft:oak_stairs":7,"minecraft:deepslate_redstone_ore":136,"minecraft:blackstone":10,"minecraft:amethyst_cluster":15,"minecraft:powder_snow":115,"minecraft:torch":73,"minecraft:calcite":15,"minecraft:chest":2,"minecraft:glass":1,"minecraft:nether_quartz_ore":29,"minecraft:cobblestone":470,"minecraft:sugar_cane":94,"minecraft:oak_planks":16,"minecraft:wall_torch":165,"minecraft:amethyst_block":17,"minecraft:white_terracotta":7,"minecraft:wheat":622,"minecraft:stripped_oak_wood":1,"minecraft:grass":220,"minecraft:oak_log":665,"minecraft:beetroots":315,"minecraft:oak_fence_gate":18,"minecraft:sand":235,"minecraft:dirt":4406,"minecraft:smooth_basalt":13,"minecraft:stonecutter":1,"minecraft:netherrack":277,"minecraft:oak_leaves":842,"minecraft:deepslate":4191,"minecraft:nether_gold_ore":2,"minecraft:tuff":430,"minecraft:deepslate_diamond_ore":38,"minecraft:oak_door":14,"minecraft:glow_lichen":8,"minecraft:purple_terracotta":3,"minecraft:spruce_fence":154,"minecraft:spruce_leaves":48,"minecraft:redstone_ore":4,"minecraft:oak_trapdoor":2,"minecraft:spruce_sapling":29,"minecraft:furnace":4,"minecraft:carrots":319,"minecraft:snow":3,"minecraft:andesite":103,"minecraft:peony":1,"minecraft:gold_block":3,"minecraft:bell":2,"minecraft:mossy_stone_brick_stairs":1,"minecraft:potatoes":4,"minecraft:deepslate_iron_ore":25,"minecraft:cobblestone_slab":9,"minecraft:lantern":15,"minecraft:stone":2631,"minecraft:podzol":627,"minecraft:snow_block":217,"minecraft:basalt":18,"minecraft:spruce_door":4,"minecraft:dandelion":6,"minecraft:oak_fence":24,"minecraft:crafting_table":5,"minecraft:cornflower":1,"minecraft:emerald_ore":2,"minecraft:stone_slab":2,"minecraft:tall_grass":10,"minecraft:copper_ore":18,"minecraft:lapis_ore":4,"minecraft:deepslate_gold_ore":50,"minecraft:sculk":1,"minecraft:diorite":233,"minecraft:birch_planks":11,"minecraft:spruce_log":298,"minecraft:birch_leaves":3,"minecraft:coal_ore":466,"minecraft:gravel":244,"minecraft:spruce_fence_gate":10},"minecraft:custom":{"minecraft:animals_bred":326,"minecraft:interact_with_crafting_table":66,"minecraft:leave_game":24,"minecraft:time_since_death":1364455,"minecraft:sprint_one_cm":2481587,"minecraft:drop":232,"minecraft:talked_to_villager":162,"minecraft:play_time":2050197,"minecraft:deaths":8,"minecraft:jump":10422,"minecraft:walk_on_water_one_cm":35853,"minecraft:enchant_item":9,"minecraft:interact_with_furnace":313,"minecraft:traded_with_villager":558,"minecraft:sleep_in_bed":95,"minecraft:damage_dealt":12820,"minecraft:crouch_one_cm":135839,"minecraft:interact_with_smithing_table":2,"minecraft:mob_kills":223,"minecraft:interact_with_anvil":7,"minecraft:climb_one_cm":86359,"minecraft:walk_one_cm":10017946,"minecraft:sneak_time":42113,"minecraft:walk_under_water_one_cm":16276,"minecraft:boat_one_cm":96538,"minecraft:total_world_time":2050197,"minecraft:raid_trigger":1,"minecraft:time_since_rest":997,"minecraft:damage_taken":5802,"minecraft:swim_one_cm":10529,"minecraft:fly_one_cm":411197,"minecraft:open_chest":566,"minecraft:fall_one_cm":117256}},"DataVersion":3465}