{"stats":{"minecraft:broken":{"minecraft:iron_shovel":2,"minecraft:wooden_pickaxe":2,"minecraft:stone_pickaxe":23,"minecraft:golden_axe":1,"minecraft:stone_axe":2,"minecraft:stone_shovel":5},"minecraft:custom":{"minecraft:interact_with_smithing_table":1,"minecraft:mob_kills":5,"minecraft:animals_bred":1,"minecraft:interact_with_crafting_table":19,"minecraft:leave_game":4,"minecraft:time_since_death":12319,"minecraft:sprint_one_cm":489963,"minecraft:walk_one_cm":2481897,"minecraft:drop":33,"minecraft:talked_to_villager":3,"minecraft:play_time":500936,"minecraft:deaths":7,"minecraft:sneak_time":5509,"minecraft:walk_under_water_one_cm":59,"minecraft:boat_one_cm":96538,"minecraft:jump":2886,"minecraft:walk_on_water_one_cm":10812,"minecraft:total_world_time":500936,"minecraft:interact_with_furnace":115,"minecraft:sleep_in_bed":26,"minecraft:time_since_rest":5356,"minecraft:damage_taken":3499,"minecraft:damage_dealt":580,"minecraft:swim_one_cm":656,"minecraft:fly_one_cm":70868,"minecraft:open_chest":45,"minecraft:crouch_one_cm":13145,"minecraft:fall_one_cm":42864},"minecraft:mined":{"minecraft:spruce_planks":3,"minecraft:white_bed":7,"minecraft:oak_sapling":2,"minecraft:oak_door":1,"minecraft:cobblestone_stairs":1,"minecraft:glow_lichen":4,"minecraft:granite":19,"minecraft:grass_block":827,"minecraft:spruce_leaves":17,"minecraft:oxeye_daisy":2,"minecraft:smooth_stone":134,"minecraft:oak_trapdoor":2,"minecraft:carrots":4,"minecraft:iron_ore":38,"minecraft:andesite":84,"minecraft:azure_bluet":2,"minecraft:peony":1,"minecraft:bell":2,"minecraft:potatoes":4,"minecraft:cobblestone_slab":6,"minecraft:dirt_path":8,"minecraft:stone":1907,"minecraft:powder_snow":115,"minecraft:dandelion":5,"minecraft:cornflower":1,"minecraft:crafting_table":4,"minecraft:torch":21,"minecraft:emerald_ore":2,"minecraft:cobblestone":188,"minecraft:copper_ore":12,"minecraft:tall_grass":3,"minecraft:oak_planks":1,"minecraft:diorite":179,"minecraft:wall_torch":34,"minecraft:white_terracotta":1,"minecraft:birch_planks":8,"minecraft:wheat":8,"minecraft:spruce_log":114,"minecraft:birch_leaves":3,"minecraft:stripped_oak_wood":1,"minecraft:grass":157,"minecraft:coal_ore":250,"minecraft:oak_log":201,"minecraft:gravel":61,"minecraft:sand":156,"minecraft:dirt":376,"minecraft:oak_leaves":219},"minecraft:picked_up":{"minecraft:iron_chestplate":2,"minecraft:crafting_table":6,"minecraft:wheat":66,"minecraft:wooden_pickaxe":2,"minecraft:shield":3,"minecraft:cornflower":1,"minecraft:oak_trapdoor":1,"minecraft:raw_copper":40,"minecraft:iron_shovel":3,"minecraft:smooth_stone":129,"minecraft:bucket":2,"minecraft:spruce_planks":195,"minecraft:oak_boat":13,"minecraft:cobblestone_slab":6,"minecraft:iron_pickaxe":4,"minecraft:birch_sapling":2,"minecraft:furnace":1,"minecraft:egg":2,"minecraft:stick":172,"minecraft:raw_iron":36,"minecraft:oak_door":1,"minecraft:torch":298,"minecraft:diorite":175,"minecraft:carrot":3,"minecraft:rabbit_foot":2,"minecraft:arrow":96,"minecraft:rotten_flesh":4,"minecraft:peony":1,"minecraft:white_terracotta":1,"minecraft:mutton":2,"minecraft:white_wool":1,"minecraft:cobblestone":2134,"minecraft:oxeye_daisy":5,"minecraft:birch_log":82,"minecraft:andesite":78,"minecraft:potato":4,"minecraft:birch_planks":8,"minecraft:flint":8,"minecraft:oak_log":188,"minecraft:golden_boots":2,"minecraft:gunpowder":2,"minecraft:cobblestone_stairs":1,"minecraft:dirt":1141,"minecraft:white_banner":1,"minecraft:apple":2,"minecraft:bow":1,"minecraft:wheat_seeds":32,"minecraft:bell":2,"minecraft:iron_ingot":2,"minecraft:stone_pickaxe":3,"minecraft:oak_planks":1,"minecraft:dandelion":6,"minecraft:gravel":65,"minecraft:sand":150,"minecraft:spruce_sapling":4,"minecraft:white_bed":7,"minecraft:spruce_log":351,"minecraft:stone_axe":4,"minecraft:granite":29,"minecraft:diamond_axe":4,"minecraft:emerald":4,"minecraft:baked_potato":62,"minecraft:oak_sapling":18,"minecraft:coal":332},"minecraft:killed_by":{"minecraft:wolf":1,"minecraft:vindicator":6},"minecraft:used":{"minecraft:iron_shovel":573,"minecraft:stone_shovel":795,"minecraft:spruce_planks":145,"minecraft:white_terracotta":93,"minecraft:torch":381,"minecraft:dirt":434,"minecraft:glass":103,"minecraft:bow":11,"minecraft:golden_axe":33,"minecraft:cooked_mutton":3,"minecraft:diorite":14,"minecraft:birch_planks":322,"minecraft:stone_pickaxe":3043,"minecraft:baked_potato":4,"minecraft:oak_planks":1,"minecraft:wooden_pickaxe":67,"minecraft:diamond_axe":132,"minecraft:cobblestone_slab":6,"minecraft:crafting_table":6,"minecraft:white_bed":7,"minecraft:spruce_log":2,"minecraft:oxeye_daisy":2,"minecraft:bread":4,"minecraft:iron_pickaxe":81,"minecraft:stone_axe":354,"minecraft:cobblestone":1168,"minecraft:cooked_porkchop":9,"minecraft:oak_boat":11,"minecraft:dandelion":1,"minecraft:smooth_stone":958},"minecraft:killed":{"minecraft:vindicator":2,"minecraft:sheep":2,"minecraft:zombie":1},"minecraft:dropped":{"minecraft:wheat_seeds":8,"minecraft:golden_horse_armor":1,"minecraft:cobblestone":28,"minecraft:oxeye_daisy":3,"minecraft:cornflower":1,"minecraft:dandelion":5,"minecraft:birch_sapling":2,"minecraft:obsidian":2,"minecraft:rotten_flesh":4,"minecraft:cooked_mutton":5,"minecraft:rabbit_foot":1,"minecraft:oak_sapling":2,"minecraft:chest":3,"minecraft:stone_pickaxe":1,"minecraft:bell":2},"minecraft:crafted":{"minecraft:oak_planks":236,"minecraft:smooth_stone":610,"minecraft:stone_shovel":7,"minecraft:stone":531,"minecraft:glass":107,"minecraft:stone_pickaxe":17,"minecraft:chest":3,"minecraft:cooked_porkchop":9,"minecraft:crafting_table":2,"minecraft:spruce_planks":340,"minecraft:iron_helmet":1,"minecraft:baked_potato":20,"minecraft:cooked_salmon":2,"minecraft:birch_planks":328,"minecraft:stone_axe":4,"minecraft:iron_chestplate":1,"minecraft:stick":168,"minecraft:iron_ingot":24,"minecraft:iron_leggings":1,"minecraft:torch":260}},"DataVersion":3465}